team_name,name,position,appearances,minutes_played,avg_rating,goals,assists,shots_total,shots_on_target,passes_total,passes_key,passes_accuracy_%,dribbles_attempts,dribbles_success,tackles,interceptions,blocks,duels_won,goals_saves,goals_conceded,penalty_saved,goals_per_90,assists_per_90,tackles_per_90,dribble_success_rate_%,duel_win_rate_%
Algeria,Alexandre Roger Oukidja -,Goalkeeper,15.0,1350.0,7.3,0.0,0.0,0.0,0.0,0.0,0.0,0.0,0.0,0.0,0.0,0.0,0.0,0.0,0.0,0.0,0.0,0.0,0.0,0.0,0.0,0.0
Algeria,Rayan Aït Nouri -,Defender,15.0,1350.0,7.9,0.0,0.0,0.0,0.0,0.0,0.0,0.0,0.0,0.0,0.0,0.0,0.0,0.0,0.0,0.0,0.0,0.0,0.0,0.0,0.0,0.0
Algeria,Ramy Bensebaini -,Defender,15.0,1350.0,7.9,0.0,0.0,0.0,0.0,0.0,0.0,0.0,0.0,0.0,0.0,0.0,0.0,0.0,0.0,0.0,0.0,0.0,0.0,0.0,0.0,0.0
Algeria,Aïssa Mandi -,Defender,15.0,1350.0,7.5,0.0,0.0,0.0,0.0,0.0,0.0,0.0,0.0,0.0,0.0,0.0,0.0,0.0,0.0,0.0,0.0,0.0,0.0,0.0,0.0,0.0
Algeria,Abdelkader Bedrane -,Defender,15.0,1350.0,7.2,0.0,0.0,0.0,0.0,0.0,0.0,0.0,0.0,0.0,0.0,0.0,0.0,0.0,0.0,0.0,0.0,0.0,0.0,0.0,0.0,0.0
Algeria,Riyad Mahrez -,Midfielder,15.0,1350.0,8.5,0.0,0.0,0.0,0.0,0.0,0.0,0.0,0.0,0.0,0.0,0.0,0.0,0.0,0.0,0.0,0.0,0.0,0.0,0.0,0.0,0.0
Algeria,Ismaël Bennacer -,Midfielder,15.0,1350.0,8.1,0.0,0.0,0.0,0.0,0.0,0.0,0.0,0.0,0.0,0.0,0.0,0.0,0.0,0.0,0.0,0.0,0.0,0.0,0.0,0.0,0.0
Algeria,Adem Zorgane -,Midfielder,15.0,1350.0,7.7,0.0,0.0,0.0,0.0,0.0,0.0,0.0,0.0,0.0,0.0,0.0,0.0,0.0,0.0,0.0,0.0,0.0,0.0,0.0,0.0,0.0
Algeria,Mohamed El Amine Amoura -,Attacker,15.0,1350.0,8.0,0.0,0.0,0.0,0.0,0.0,0.0,0.0,0.0,0.0,0.0,0.0,0.0,0.0,0.0,0.0,0.0,0.0,0.0,0.0,0.0,0.0
Algeria,Amine Ferid Gouiri -,Attacker,15.0,1350.0,7.8,0.0,0.0,0.0,0.0,0.0,0.0,0.0,0.0,0.0,0.0,0.0,0.0,0.0,0.0,0.0,0.0,0.0,0.0,0.0,0.0,0.0
Algeria,Rachid Ghezzal -,Attacker,15.0,1350.0,7.6,0.0,0.0,0.0,0.0,0.0,0.0,0.0,0.0,0.0,0.0,0.0,0.0,0.0,0.0,0.0,0.0,0.0,0.0,0.0,0.0,0.0
Argentina,E. Martínez,Goalkeeper,9.0,840.0,7.26,0.0,0.0,0.0,0.0,253.0,3.0,0.0,0.0,0.0,1.0,0.0,0.0,2.0,14.0,1.0,0.0,0.0,0.0,0.11,0.0,100.0
Argentina,C. Romero,Defender,8.0,733.0,7.6,1.0,1.0,3.0,1.0,507.0,2.0,67.79,0.0,0.0,27.0,10.0,5.0,46.0,0.0,0.0,0.0,0.12,0.12,3.32,0.0,74.19
Argentina,N. Pérez,Defender,1.0,90.0,7.7,0.0,0.0,0.0,0.0,79.0,1.0,69.0,0.0,0.0,7.0,0.0,0.0,9.0,0.0,0.0,0.0,0.0,0.0,7.0,0.0,75.0
Argentina,Lisandro Martínez,Defender,7.0,648.0,7.26,1.0,0.0,4.0,2.0,404.0,2.0,63.75,1.0,1.0,6.0,6.0,3.0,14.0,0.0,0.0,0.0,0.14,0.0,0.83,100.0,53.85
Argentina,N. Tagliafico,Defender,8.0,594.0,7.06,0.0,0.0,2.0,1.0,291.0,4.0,12.77,6.0,2.0,7.0,11.0,1.0,23.0,0.0,0.0,0.0,0.0,0.0,1.06,33.33,54.76
Argentina,Á. Di María,Midfielder,9.0,613.0,7.87,2.0,2.0,12.0,8.0,284.0,16.0,26.89,22.0,13.0,6.0,0.0,0.0,27.0,0.0,0.0,0.0,0.29,0.29,0.88,59.09,51.92
Argentina,G. Lo Celso,Midfielder,10.0,446.0,7.77,1.0,1.0,5.0,5.0,222.0,7.0,37.3,6.0,1.0,12.0,4.0,0.0,27.0,0.0,0.0,0.0,0.2,0.2,2.42,16.67,58.7
Argentina,L. Paredes,Midfielder,10.0,403.0,7.31,0.0,0.0,7.0,2.0,383.0,1.0,88.32,1.0,0.0,13.0,6.0,0.0,23.0,0.0,0.0,0.0,0.0,0.0,2.9,0.0,58.97
Argentina,L. Messi,Attacker,7.0,550.0,7.41,3.0,1.0,13.0,6.0,180.0,16.0,0.0,25.0,13.0,1.0,0.0,0.0,24.0,0.0,0.0,0.0,0.49,0.16,0.16,52.0,42.11
Argentina,Lautaro Martínez,Attacker,10.0,454.0,7.21,8.0,1.0,13.0,11.0,83.0,3.0,0.0,6.0,2.0,4.0,2.0,0.0,18.0,0.0,0.0,0.0,1.59,0.2,0.79,33.33,36.0
Argentina,A. Garnacho,Attacker,3.0,181.0,7.15,0.0,0.0,3.0,1.0,50.0,2.0,0.0,8.0,4.0,2.0,2.0,0.0,8.0,0.0,0.0,0.0,0.0,0.0,0.99,50.0,53.33
Australia,Mathew David Ryan -,Goalkeeper,15.0,1350.0,7.8,0.0,0.0,0.0,0.0,0.0,0.0,0.0,0.0,0.0,0.0,0.0,0.0,0.0,0.0,0.0,0.0,0.0,0.0,0.0,0.0,0.0
Australia,Harry James Souttar -,Defender,15.0,1350.0,7.3,0.0,0.0,0.0,0.0,0.0,0.0,0.0,0.0,0.0,0.0,0.0,0.0,0.0,0.0,0.0,0.0,0.0,0.0,0.0,0.0,0.0
Australia,Alexander Ian Grant -,Defender,15.0,1350.0,7.3,0.0,0.0,0.0,0.0,0.0,0.0,0.0,0.0,0.0,0.0,0.0,0.0,0.0,0.0,0.0,0.0,0.0,0.0,0.0,0.0,0.0
Australia,Cameron Robert Burgess -,Defender,15.0,1350.0,7.3,0.0,0.0,0.0,0.0,0.0,0.0,0.0,0.0,0.0,0.0,0.0,0.0,0.0,0.0,0.0,0.0,0.0,0.0,0.0,0.0,0.0
Australia,Alessandro Circati -,Defender,15.0,1350.0,7.2,0.0,0.0,0.0,0.0,0.0,0.0,0.0,0.0,0.0,0.0,0.0,0.0,0.0,0.0,0.0,0.0,0.0,0.0,0.0,0.0,0.0
Australia,Jackson Alexander Irvine -,Midfielder,15.0,1350.0,7.5,0.0,0.0,0.0,0.0,0.0,0.0,0.0,0.0,0.0,0.0,0.0,0.0,0.0,0.0,0.0,0.0,0.0,0.0,0.0,0.0,0.0
Australia,Joseph Lolley -,Midfielder,15.0,1350.0,7.5,0.0,0.0,0.0,0.0,0.0,0.0,0.0,0.0,0.0,0.0,0.0,0.0,0.0,0.0,0.0,0.0,0.0,0.0,0.0,0.0,0.0
Australia,Massimo Corey Luongo -,Midfielder,15.0,1350.0,7.3,0.0,0.0,0.0,0.0,0.0,0.0,0.0,0.0,0.0,0.0,0.0,0.0,0.0,0.0,0.0,0.0,0.0,0.0,0.0,0.0,0.0
Australia,Martin Callie Boyle -,Attacker,15.0,1350.0,7.0,0.0,0.0,0.0,0.0,0.0,0.0,0.0,0.0,0.0,0.0,0.0,0.0,0.0,0.0,0.0,0.0,0.0,0.0,0.0,0.0,0.0
Australia,Adam Jake Taggart -,Attacker,15.0,1350.0,7.0,0.0,0.0,0.0,0.0,0.0,0.0,0.0,0.0,0.0,0.0,0.0,0.0,0.0,0.0,0.0,0.0,0.0,0.0,0.0,0.0,0.0
Australia,Brandon Joel Gaetano Borrello -,Attacker,15.0,1350.0,6.9,0.0,0.0,0.0,0.0,0.0,0.0,0.0,0.0,0.0,0.0,0.0,0.0,0.0,0.0,0.0,0.0,0.0,0.0,0.0,0.0,0.0
Austria,Alexander Schlager -,Goalkeeper,15.0,1350.0,7.4,0.0,0.0,0.0,0.0,0.0,0.0,0.0,0.0,0.0,0.0,0.0,0.0,0.0,0.0,0.0,0.0,0.0,0.0,0.0,0.0,0.0
Austria,David Olatukunbo Alaba -,Defender,15.0,1350.0,8.4,0.0,0.0,0.0,0.0,0.0,0.0,0.0,0.0,0.0,0.0,0.0,0.0,0.0,0.0,0.0,0.0,0.0,0.0,0.0,0.0,0.0
Austria,Konrad Laimer -,Defender,15.0,1350.0,8.3,0.0,0.0,0.0,0.0,0.0,0.0,0.0,0.0,0.0,0.0,0.0,0.0,0.0,0.0,0.0,0.0,0.0,0.0,0.0,0.0,0.0
Austria,Kevin Danso -,Defender,15.0,1350.0,8.0,0.0,0.0,0.0,0.0,0.0,0.0,0.0,0.0,0.0,0.0,0.0,0.0,0.0,0.0,0.0,0.0,0.0,0.0,0.0,0.0,0.0
Austria,Stefan Posch -,Defender,15.0,1350.0,7.9,0.0,0.0,0.0,0.0,0.0,0.0,0.0,0.0,0.0,0.0,0.0,0.0,0.0,0.0,0.0,0.0,0.0,0.0,0.0,0.0,0.0
Austria,Marcel Sabitzer -,Midfielder,15.0,1350.0,8.2,0.0,0.0,0.0,0.0,0.0,0.0,0.0,0.0,0.0,0.0,0.0,0.0,0.0,0.0,0.0,0.0,0.0,0.0,0.0,0.0,0.0
Austria,Xaver Schlager -,Midfielder,15.0,1350.0,8.1,0.0,0.0,0.0,0.0,0.0,0.0,0.0,0.0,0.0,0.0,0.0,0.0,0.0,0.0,0.0,0.0,0.0,0.0,0.0,0.0,0.0
Austria,Christoph Baumgartner -,Midfielder,15.0,1350.0,7.8,0.0,0.0,0.0,0.0,0.0,0.0,0.0,0.0,0.0,0.0,0.0,0.0,0.0,0.0,0.0,0.0,0.0,0.0,0.0,0.0,0.0
Austria,Marko Arnautović -,Attacker,15.0,1350.0,7.9,0.0,0.0,0.0,0.0,0.0,0.0,0.0,0.0,0.0,0.0,0.0,0.0,0.0,0.0,0.0,0.0,0.0,0.0,0.0,0.0,0.0
Austria,Michael Gregoritsch -,Attacker,15.0,1350.0,7.7,0.0,0.0,0.0,0.0,0.0,0.0,0.0,0.0,0.0,0.0,0.0,0.0,0.0,0.0,0.0,0.0,0.0,0.0,0.0,0.0,0.0
Austria,Saša Kalajdžić -,Attacker,15.0,1350.0,7.5,0.0,0.0,0.0,0.0,0.0,0.0,0.0,0.0,0.0,0.0,0.0,0.0,0.0,0.0,0.0,0.0,0.0,0.0,0.0,0.0,0.0
Belgium,Thibaut Nicolas Marc Courtois -,Goalkeeper,15.0,1350.0,8.9,0.0,0.0,0.0,0.0,0.0,0.0,0.0,0.0,0.0,0.0,0.0,0.0,0.0,0.0,0.0,0.0,0.0,0.0,0.0,0.0,0.0
Belgium,Arthur Nicolas Theate -,Defender,15.0,1350.0,7.9,0.0,0.0,0.0,0.0,0.0,0.0,0.0,0.0,0.0,0.0,0.0,0.0,0.0,0.0,0.0,0.0,0.0,0.0,0.0,0.0,0.0
Belgium,Axel Laurent Angel Lambert Witsel -,Defender,15.0,1350.0,7.9,0.0,0.0,0.0,0.0,0.0,0.0,0.0,0.0,0.0,0.0,0.0,0.0,0.0,0.0,0.0,0.0,0.0,0.0,0.0,0.0,0.0
Belgium,Tobias Albertine Maurits Alderweireld -,Defender,15.0,1350.0,7.9,0.0,0.0,0.0,0.0,0.0,0.0,0.0,0.0,0.0,0.0,0.0,0.0,0.0,0.0,0.0,0.0,0.0,0.0,0.0,0.0,0.0
Belgium,Jan Bert Lieve Vertonghen -,Defender,15.0,1350.0,7.7,0.0,0.0,0.0,0.0,0.0,0.0,0.0,0.0,0.0,0.0,0.0,0.0,0.0,0.0,0.0,0.0,0.0,0.0,0.0,0.0,0.0
Belgium,Kevin De Bruyne -,Midfielder,15.0,1350.0,8.9,0.0,0.0,0.0,0.0,0.0,0.0,0.0,0.0,0.0,0.0,0.0,0.0,0.0,0.0,0.0,0.0,0.0,0.0,0.0,0.0,0.0
Belgium,Youri Tielemans -,Midfielder,15.0,1350.0,8.3,0.0,0.0,0.0,0.0,0.0,0.0,0.0,0.0,0.0,0.0,0.0,0.0,0.0,0.0,0.0,0.0,0.0,0.0,0.0,0.0,0.0
Belgium,Charles De Ketelaere -,Midfielder,15.0,1350.0,8.1,0.0,0.0,0.0,0.0,0.0,0.0,0.0,0.0,0.0,0.0,0.0,0.0,0.0,0.0,0.0,0.0,0.0,0.0,0.0,0.0,0.0
Belgium,Ikoma Loïs Openda -,Attacker,15.0,1350.0,8.4,0.0,0.0,0.0,0.0,0.0,0.0,0.0,0.0,0.0,0.0,0.0,0.0,0.0,0.0,0.0,0.0,0.0,0.0,0.0,0.0,0.0
Belgium,Leandro Trossard -,Attacker,15.0,1350.0,8.3,0.0,0.0,0.0,0.0,0.0,0.0,0.0,0.0,0.0,0.0,0.0,0.0,0.0,0.0,0.0,0.0,0.0,0.0,0.0,0.0,0.0
Belgium,Romelu Menama Lukaku Bolingoli -,Attacker,15.0,1350.0,8.3,0.0,0.0,0.0,0.0,0.0,0.0,0.0,0.0,0.0,0.0,0.0,0.0,0.0,0.0,0.0,0.0,0.0,0.0,0.0,0.0,0.0
Brazil,Bento,Goalkeeper,2.0,180.0,7.2,0.0,0.0,0.0,0.0,23.0,0.0,0.0,0.0,0.0,0.0,0.0,0.0,0.0,3.0,0.0,0.0,0.0,0.0,0.0,0.0,0.0
Brazil,Marquinhos,Defender,5.0,450.0,7.3,0.0,0.0,1.0,0.0,370.0,1.0,66.9,0.0,0.0,8.0,5.0,3.0,18.0,0.0,0.0,0.0,0.0,0.0,1.6,0.0,58.06
Brazil,Fabrício Bruno,Defender,2.0,180.0,7.3,0.0,0.0,0.0,0.0,37.0,0.0,0.0,0.0,0.0,1.0,0.0,1.0,2.0,0.0,0.0,0.0,0.0,0.0,0.5,0.0,66.67
Brazil,Éder Militão,Defender,5.0,446.0,7.18,0.0,0.0,0.0,0.0,298.0,2.0,57.08,1.0,0.0,8.0,8.0,8.0,25.0,0.0,0.0,0.0,0.0,0.0,1.61,0.0,62.5
Brazil,Danilo,Defender,7.0,586.0,7.11,0.0,0.0,1.0,0.0,353.0,5.0,49.73,3.0,2.0,13.0,7.0,2.0,21.0,0.0,0.0,0.0,0.0,0.0,2.0,66.67,50.0
Brazil,Bruno Guimarães,Midfielder,8.0,541.0,7.24,0.0,0.0,3.0,1.0,363.0,7.0,33.23,10.0,6.0,18.0,4.0,1.0,42.0,0.0,0.0,0.0,0.0,0.0,2.99,60.0,57.53
Brazil,Lucas Paquetá,Midfielder,8.0,550.0,7.1,2.0,1.0,11.0,1.0,226.0,8.0,0.0,7.0,3.0,20.0,4.0,1.0,40.0,0.0,0.0,0.0,0.33,0.16,3.27,42.86,51.95
Brazil,Andreas Pereira,Midfielder,8.0,214.0,7.05,1.0,0.0,3.0,3.0,60.0,6.0,0.0,2.0,1.0,5.0,1.0,0.0,9.0,0.0,0.0,0.0,0.42,0.0,2.1,50.0,45.0
Brazil,Rodrygo,Attacker,7.0,565.0,7.31,2.0,0.0,15.0,7.0,160.0,7.0,0.0,16.0,8.0,9.0,2.0,0.0,28.0,0.0,0.0,0.0,0.32,0.0,1.43,50.0,53.85
Brazil,Vinícius Júnior,Attacker,7.0,517.0,7.11,2.0,1.0,13.0,9.0,129.0,11.0,0.0,32.0,12.0,7.0,0.0,0.0,30.0,0.0,0.0,0.0,0.35,0.17,1.22,37.5,49.18
Brazil,Raphinha,Attacker,7.0,449.0,6.98,1.0,1.0,10.0,5.0,144.0,6.0,0.0,13.0,7.0,11.0,3.0,0.0,27.0,0.0,0.0,0.0,0.2,0.2,2.2,53.85,57.45
Canada,Milan Borjan -,Goalkeeper,15.0,1350.0,7.7,0.0,0.0,0.0,0.0,0.0,0.0,0.0,0.0,0.0,0.0,0.0,0.0,0.0,0.0,0.0,0.0,0.0,0.0,0.0,0.0,0.0
Canada,Alphonso Boyle Davies -,Defender,15.0,1350.0,8.4,0.0,0.0,0.0,0.0,0.0,0.0,0.0,0.0,0.0,0.0,0.0,0.0,0.0,0.0,0.0,0.0,0.0,0.0,0.0,0.0,0.0
Canada,Alistair William Johnston -,Defender,15.0,1350.0,7.8,0.0,0.0,0.0,0.0,0.0,0.0,0.0,0.0,0.0,0.0,0.0,0.0,0.0,0.0,0.0,0.0,0.0,0.0,0.0,0.0,0.0
Canada,Moïse Bombito Lumpungu -,Defender,15.0,1350.0,7.5,0.0,0.0,0.0,0.0,0.0,0.0,0.0,0.0,0.0,0.0,0.0,0.0,0.0,0.0,0.0,0.0,0.0,0.0,0.0,0.0,0.0
Canada,Derek Austin Cornelius -,Defender,15.0,1350.0,7.4,0.0,0.0,0.0,0.0,0.0,0.0,0.0,0.0,0.0,0.0,0.0,0.0,0.0,0.0,0.0,0.0,0.0,0.0,0.0,0.0,0.0
Canada,Stephen Eustáquio -,Midfielder,15.0,1350.0,7.7,0.0,0.0,0.0,0.0,0.0,0.0,0.0,0.0,0.0,0.0,0.0,0.0,0.0,0.0,0.0,0.0,0.0,0.0,0.0,0.0,0.0
Canada,Federico Bernardeschi -,Midfielder,15.0,1350.0,7.7,0.0,0.0,0.0,0.0,0.0,0.0,0.0,0.0,0.0,0.0,0.0,0.0,0.0,0.0,0.0,0.0,0.0,0.0,0.0,0.0,0.0
Canada,Tajon Trevor Buchanan -,Midfielder,15.0,1350.0,7.4,0.0,0.0,0.0,0.0,0.0,0.0,0.0,0.0,0.0,0.0,0.0,0.0,0.0,0.0,0.0,0.0,0.0,0.0,0.0,0.0,0.0
Canada,Jonathan Christian David -,Attacker,15.0,1350.0,8.2,0.0,0.0,0.0,0.0,0.0,0.0,0.0,0.0,0.0,0.0,0.0,0.0,0.0,0.0,0.0,0.0,0.0,0.0,0.0,0.0,0.0
Canada,Ryan Gauld -,Attacker,15.0,1350.0,7.8,0.0,0.0,0.0,0.0,0.0,0.0,0.0,0.0,0.0,0.0,0.0,0.0,0.0,0.0,0.0,0.0,0.0,0.0,0.0,0.0,0.0
Canada,Cyle Christopher Larin -,Attacker,15.0,1350.0,7.6,0.0,0.0,0.0,0.0,0.0,0.0,0.0,0.0,0.0,0.0,0.0,0.0,0.0,0.0,0.0,0.0,0.0,0.0,0.0,0.0,0.0
Cape Verde,Bruno Varela -,Goalkeeper,15.0,1350.0,7.5,0.0,0.0,0.0,0.0,0.0,0.0,0.0,0.0,0.0,0.0,0.0,0.0,0.0,0.0,0.0,0.0,0.0,0.0,0.0,0.0,0.0
Cape Verde,Logan Evans Costa -,Defender,15.0,1350.0,7.6,0.0,0.0,0.0,0.0,0.0,0.0,0.0,0.0,0.0,0.0,0.0,0.0,0.0,0.0,0.0,0.0,0.0,0.0,0.0,0.0,0.0
Cape Verde,Wagner Pina -,Defender,15.0,1350.0,6.9,0.0,0.0,0.0,0.0,0.0,0.0,0.0,0.0,0.0,0.0,0.0,0.0,0.0,0.0,0.0,0.0,0.0,0.0,0.0,0.0,0.0
Cape Verde,Ivanildo Fernandes -,Defender,15.0,1350.0,6.7,0.0,0.0,0.0,0.0,0.0,0.0,0.0,0.0,0.0,0.0,0.0,0.0,0.0,0.0,0.0,0.0,0.0,0.0,0.0,0.0,0.0
Cape Verde,Roberto Carlos Lopes -,Defender,15.0,1350.0,6.5,0.0,0.0,0.0,0.0,0.0,0.0,0.0,0.0,0.0,0.0,0.0,0.0,0.0,0.0,0.0,0.0,0.0,0.0,0.0,0.0,0.0
Cape Verde,Garry Rodrigues -,Midfielder,15.0,1350.0,7.1,0.0,0.0,0.0,0.0,0.0,0.0,0.0,0.0,0.0,0.0,0.0,0.0,0.0,0.0,0.0,0.0,0.0,0.0,0.0,0.0,0.0
Cape Verde,Jamiro Monteiro -,Midfielder,15.0,1350.0,7.1,0.0,0.0,0.0,0.0,0.0,0.0,0.0,0.0,0.0,0.0,0.0,0.0,0.0,0.0,0.0,0.0,0.0,0.0,0.0,0.0,0.0
Cape Verde,Patrick Andrade -,Midfielder,15.0,1350.0,6.8,0.0,0.0,0.0,0.0,0.0,0.0,0.0,0.0,0.0,0.0,0.0,0.0,0.0,0.0,0.0,0.0,0.0,0.0,0.0,0.0,0.0
Cape Verde,Nuno da Costa -,Attacker,15.0,1350.0,7.3,0.0,0.0,0.0,0.0,0.0,0.0,0.0,0.0,0.0,0.0,0.0,0.0,0.0,0.0,0.0,0.0,0.0,0.0,0.0,0.0,0.0
Cape Verde,Leandro Andrade -,Attacker,15.0,1350.0,7.1,0.0,0.0,0.0,0.0,0.0,0.0,0.0,0.0,0.0,0.0,0.0,0.0,0.0,0.0,0.0,0.0,0.0,0.0,0.0,0.0,0.0
Cape Verde,Dailon Rocha Livramento do Rosario -,Attacker,15.0,1350.0,7.0,0.0,0.0,0.0,0.0,0.0,0.0,0.0,0.0,0.0,0.0,0.0,0.0,0.0,0.0,0.0,0.0,0.0,0.0,0.0,0.0,0.0
Colombia,C. Vargas,Goalkeeper,10.0,930.0,4.33,0.0,0.0,0.0,0.0,199.0,0.0,0.0,0.0,0.0,0.0,0.0,0.0,1.0,14.0,3.0,0.0,0.0,0.0,0.0,0.0,100.0
Colombia,D. Sánchez,Defender,6.0,570.0,7.28,1.0,0.0,5.0,1.0,339.0,1.0,45.0,5.0,4.0,17.0,6.0,2.0,40.0,0.0,0.0,0.0,0.16,0.0,2.68,80.0,67.8
Colombia,C. Cuesta,Defender,5.0,480.0,7.06,0.0,0.0,3.0,1.0,248.0,0.0,47.0,0.0,0.0,9.0,3.0,1.0,19.0,0.0,0.0,0.0,0.0,0.0,1.69,0.0,73.08
Colombia,S. Arias,Defender,8.0,240.0,5.06,0.0,0.0,1.0,0.0,44.0,2.0,0.0,0.0,0.0,4.0,0.0,0.0,7.0,0.0,0.0,0.0,0.0,0.0,1.5,0.0,35.0
Colombia,J. Mojica,Defender,9.0,795.0,4.63,0.0,0.0,0.0,0.0,268.0,3.0,0.0,3.0,3.0,13.0,2.0,0.0,29.0,0.0,0.0,0.0,0.0,0.0,1.47,100.0,59.18
Colombia,J. Rodríguez,Midfielder,10.0,739.0,5.09,1.0,6.0,7.0,4.0,252.0,20.0,0.0,9.0,2.0,7.0,2.0,0.0,24.0,0.0,0.0,0.0,0.12,0.73,0.85,22.22,54.55
Colombia,M. Uribe,Midfielder,8.0,284.0,5.01,0.0,0.0,3.0,1.0,104.0,1.0,0.0,2.0,2.0,5.0,3.0,1.0,12.0,0.0,0.0,0.0,0.0,0.0,1.58,100.0,60.0
Colombia,R. Rios,Midfielder,10.0,695.0,4.53,2.0,0.0,5.0,4.0,166.0,5.0,0.0,25.0,18.0,7.0,8.0,2.0,35.0,0.0,0.0,0.0,0.26,0.0,0.91,72.0,47.95
Colombia,J. Córdoba,Attacker,8.0,538.0,5.48,4.0,1.0,8.0,3.0,58.0,7.0,0.0,10.0,2.0,3.0,0.0,0.0,28.0,0.0,0.0,0.0,0.67,0.17,0.5,20.0,42.42
Colombia,L. Díaz,Attacker,10.0,817.0,4.33,3.0,0.0,8.0,5.0,121.0,8.0,0.0,33.0,15.0,8.0,0.0,0.0,39.0,0.0,0.0,0.0,0.33,0.0,0.88,45.45,39.8
Colombia,L. Sinisterra,Attacker,5.0,55.0,3.71,1.0,0.0,0.0,0.0,22.0,1.0,0.0,4.0,2.0,3.0,0.0,0.0,6.0,0.0,0.0,0.0,1.64,0.0,4.91,50.0,66.67
Croatia,I. Ivušić,Goalkeeper,1.0,74.0,7.9,0.0,0.0,0.0,0.0,9.0,0.0,0.0,0.0,0.0,0.0,0.0,0.0,0.0,1.0,0.0,0.0,0.0,0.0,0.0,0.0,0.0
Croatia,D. Bradarić,Defender,1.0,90.0,7.9,0.0,0.0,0.0,0.0,67.0,3.0,60.0,0.0,0.0,1.0,0.0,0.0,3.0,0.0,0.0,0.0,0.0,0.0,1.0,0.0,50.0
Croatia,L. Vušković,Defender,2.0,92.0,7.5,0.0,0.0,0.0,0.0,84.0,0.0,0.0,0.0,0.0,2.0,3.0,0.0,12.0,0.0,0.0,0.0,0.0,0.0,1.96,0.0,63.16
Croatia,J. Gvardiol,Defender,19.0,1620.0,7.13,2.0,1.0,10.0,6.0,875.0,7.0,38.68,21.0,14.0,23.0,24.0,9.0,69.0,0.0,0.0,0.0,0.11,0.06,1.28,66.67,48.94
Croatia,B. Sosa,Defender,12.0,680.0,7.15,1.0,0.0,4.0,2.0,316.0,8.0,25.49,3.0,2.0,10.0,12.0,1.0,21.0,0.0,0.0,0.0,0.13,0.0,1.32,66.67,55.26
Croatia,L. Majer,Midfielder,10.0,634.0,7.82,3.0,3.0,13.0,8.0,334.0,14.0,16.14,8.0,7.0,12.0,1.0,0.0,28.0,0.0,0.0,0.0,0.43,0.43,1.7,87.5,65.12
Croatia,L. Modrić,Midfielder,22.0,1500.0,7.5,4.0,2.0,18.0,8.0,1236.0,34.0,55.59,28.0,20.0,30.0,21.0,4.0,74.0,0.0,0.0,0.0,0.24,0.12,1.8,71.43,57.81
Croatia,K. Jakić,Midfielder,13.0,601.0,7.36,2.0,1.0,6.0,3.0,288.0,10.0,0.0,14.0,7.0,22.0,7.0,1.0,47.0,0.0,0.0,0.0,0.3,0.15,3.29,50.0,54.65
Croatia,I. Perišić,Attacker,21.0,1212.0,7.35,5.0,5.0,25.0,14.0,495.0,34.0,0.0,24.0,12.0,10.0,18.0,0.0,38.0,0.0,0.0,0.0,0.37,0.37,0.74,50.0,42.7
Croatia,A. Kramarić,Attacker,23.0,1588.0,7.25,9.0,1.0,39.0,24.0,554.0,24.0,0.0,23.0,13.0,3.0,2.0,2.0,29.0,0.0,0.0,0.0,0.51,0.06,0.17,56.52,35.8
Croatia,M. Pašalić,Attacker,9.0,336.0,7.28,1.0,2.0,10.0,5.0,129.0,6.0,0.0,11.0,7.0,3.0,1.0,0.0,17.0,0.0,0.0,0.0,0.27,0.54,0.8,63.64,47.22
Curacao,Eloy Victor Room -,Goalkeeper,15.0,1350.0,6.7,0.0,0.0,0.0,0.0,0.0,0.0,0.0,0.0,0.0,0.0,0.0,0.0,0.0,0.0,0.0,0.0,0.0,0.0,0.0,0.0,0.0
Curacao,Daijiro Florencio Chirino -,Defender,15.0,1350.0,6.7,0.0,0.0,0.0,0.0,0.0,0.0,0.0,0.0,0.0,0.0,0.0,0.0,0.0,0.0,0.0,0.0,0.0,0.0,0.0,0.0,0.0
Curacao,Sherel Constancio Floranus -,Defender,15.0,1350.0,6.7,0.0,0.0,0.0,0.0,0.0,0.0,0.0,0.0,0.0,0.0,0.0,0.0,0.0,0.0,0.0,0.0,0.0,0.0,0.0,0.0,0.0
Curacao,Leandro Jones Johan Bacuna -,Defender,15.0,1350.0,6.7,0.0,0.0,0.0,0.0,0.0,0.0,0.0,0.0,0.0,0.0,0.0,0.0,0.0,0.0,0.0,0.0,0.0,0.0,0.0,0.0,0.0
Curacao,Martha Ar'jany Jainel -,Defender,15.0,1350.0,6.4,0.0,0.0,0.0,0.0,0.0,0.0,0.0,0.0,0.0,0.0,0.0,0.0,0.0,0.0,0.0,0.0,0.0,0.0,0.0,0.0,0.0
Curacao,Juninho Gracielo Bacuna -,Midfielder,15.0,1350.0,6.9,0.0,0.0,0.0,0.0,0.0,0.0,0.0,0.0,0.0,0.0,0.0,0.0,0.0,0.0,0.0,0.0,0.0,0.0,0.0,0.0,0.0
Curacao,Jeremy Cornelis Jacobus Antonisse -,Midfielder,15.0,1350.0,6.6,0.0,0.0,0.0,0.0,0.0,0.0,0.0,0.0,0.0,0.0,0.0,0.0,0.0,0.0,0.0,0.0,0.0,0.0,0.0,0.0,0.0
Curacao,Godfried Roemeratoe -,Midfielder,15.0,1350.0,6.4,0.0,0.0,0.0,0.0,0.0,0.0,0.0,0.0,0.0,0.0,0.0,0.0,0.0,0.0,0.0,0.0,0.0,0.0,0.0,0.0,0.0
Curacao,Charlison Girigorio Benschop -,Attacker,15.0,1350.0,6.3,0.0,0.0,0.0,0.0,0.0,0.0,0.0,0.0,0.0,0.0,0.0,0.0,0.0,0.0,0.0,0.0,0.0,0.0,0.0,0.0,0.0
Curacao,Giandro Alejandro Sambo -,Attacker,15.0,1350.0,5.7,0.0,0.0,0.0,0.0,0.0,0.0,0.0,0.0,0.0,0.0,0.0,0.0,0.0,0.0,0.0,0.0,0.0,0.0,0.0,0.0,0.0
Curacao,Roshon Felix Romar Jordan van Eijma -,Defender,15.0,1350.0,6.3,0.0,0.0,0.0,0.0,0.0,0.0,0.0,0.0,0.0,0.0,0.0,0.0,0.0,0.0,0.0,0.0,0.0,0.0,0.0,0.0,0.0
Ecuador,Hernán Ismael Galíndez -,Goalkeeper,15.0,1350.0,7.4,0.0,0.0,0.0,0.0,0.0,0.0,0.0,0.0,0.0,0.0,0.0,0.0,0.0,0.0,0.0,0.0,0.0,0.0,0.0,0.0,0.0
Ecuador,Piero Martín Hincapié Reyna -,Defender,15.0,1350.0,8.3,0.0,0.0,0.0,0.0,0.0,0.0,0.0,0.0,0.0,0.0,0.0,0.0,0.0,0.0,0.0,0.0,0.0,0.0,0.0,0.0,0.0
Ecuador,Willian Joel Pacho Tenorio -,Defender,15.0,1350.0,8.3,0.0,0.0,0.0,0.0,0.0,0.0,0.0,0.0,0.0,0.0,0.0,0.0,0.0,0.0,0.0,0.0,0.0,0.0,0.0,0.0,0.0
Ecuador,Pervis Josué Estupiñán Tenorio -,Defender,15.0,1350.0,7.9,0.0,0.0,0.0,0.0,0.0,0.0,0.0,0.0,0.0,0.0,0.0,0.0,0.0,0.0,0.0,0.0,0.0,0.0,0.0,0.0,0.0
Ecuador,Joel Leandro Ordóñez Guerrero -,Defender,15.0,1350.0,7.4,0.0,0.0,0.0,0.0,0.0,0.0,0.0,0.0,0.0,0.0,0.0,0.0,0.0,0.0,0.0,0.0,0.0,0.0,0.0,0.0,0.0
Ecuador,Moisés Isaac Caicedo Corozo -,Midfielder,15.0,1350.0,8.5,0.0,0.0,0.0,0.0,0.0,0.0,0.0,0.0,0.0,0.0,0.0,0.0,0.0,0.0,0.0,0.0,0.0,0.0,0.0,0.0,0.0
Ecuador,Ángelo Smit Preciado Quiñónez -,Midfielder,15.0,1350.0,7.5,0.0,0.0,0.0,0.0,0.0,0.0,0.0,0.0,0.0,0.0,0.0,0.0,0.0,0.0,0.0,0.0,0.0,0.0,0.0,0.0,0.0
Ecuador,Damián Rodrigo Díaz -,Midfielder,15.0,1350.0,7.4,0.0,0.0,0.0,0.0,0.0,0.0,0.0,0.0,0.0,0.0,0.0,0.0,0.0,0.0,0.0,0.0,0.0,0.0,0.0,0.0,0.0
Ecuador,John Yeboah Zamora -,Attacker,15.0,1350.0,7.1,0.0,0.0,0.0,0.0,0.0,0.0,0.0,0.0,0.0,0.0,0.0,0.0,0.0,0.0,0.0,0.0,0.0,0.0,0.0,0.0,0.0
Ecuador,Carlos Jhon Garcés Acosta -,Attacker,15.0,1350.0,7.1,0.0,0.0,0.0,0.0,0.0,0.0,0.0,0.0,0.0,0.0,0.0,0.0,0.0,0.0,0.0,0.0,0.0,0.0,0.0,0.0,0.0
Ecuador,Felipe Salvador Caicedo Corozo -,Attacker,15.0,1350.0,7.0,0.0,0.0,0.0,0.0,0.0,0.0,0.0,0.0,0.0,0.0,0.0,0.0,0.0,0.0,0.0,0.0,0.0,0.0,0.0,0.0,0.0
Egypt,Mohamed Abou Gabal,Goalkeeper,2.0,180.0,0.0,0.0,0.0,0.0,0.0,0.0,0.0,0.0,0.0,0.0,0.0,0.0,0.0,0.0,0.0,0.0,0.0,0.0,0.0,0.0,0.0,0.0
Egypt,Mohamed Abdelmonem,Defender,3.0,270.0,0.0,1.0,0.0,0.0,0.0,0.0,0.0,0.0,0.0,0.0,0.0,0.0,0.0,0.0,0.0,0.0,0.0,0.33,0.0,0.0,0.0,0.0
Egypt,Mohamed Hamdy,Defender,3.0,224.0,0.0,0.0,0.0,0.0,0.0,0.0,0.0,0.0,0.0,0.0,0.0,0.0,0.0,0.0,0.0,0.0,0.0,0.0,0.0,0.0,0.0,0.0
Egypt,Mohamed Hany,Defender,2.0,180.0,0.0,0.0,0.0,0.0,0.0,0.0,0.0,0.0,0.0,0.0,0.0,0.0,0.0,0.0,0.0,0.0,0.0,0.0,0.0,0.0,0.0,0.0
Egypt,Rami Rabia,Defender,2.0,180.0,0.0,1.0,0.0,0.0,0.0,0.0,0.0,0.0,0.0,0.0,0.0,0.0,0.0,0.0,0.0,0.0,0.0,0.5,0.0,0.0,0.0,0.0
Egypt,Marwan Attia,Midfielder,3.0,221.0,0.0,0.0,0.0,0.0,0.0,0.0,0.0,0.0,0.0,0.0,0.0,0.0,0.0,0.0,0.0,0.0,0.0,0.0,0.0,0.0,0.0,0.0
Egypt,Hamdi Fathy,Midfielder,3.0,130.0,0.0,0.0,0.0,0.0,0.0,0.0,0.0,0.0,0.0,0.0,0.0,0.0,0.0,0.0,0.0,0.0,0.0,0.0,0.0,0.0,0.0,0.0
Egypt,Mohamed Magdi Kafsha,Midfielder,2.0,149.0,0.0,0.0,0.0,0.0,0.0,0.0,0.0,0.0,0.0,0.0,0.0,0.0,0.0,0.0,0.0,0.0,0.0,0.0,0.0,0.0,0.0,0.0
Egypt,Omar Marmoush,Attacker,3.0,199.0,0.0,0.0,0.0,0.0,0.0,0.0,0.0,0.0,0.0,0.0,0.0,0.0,0.0,0.0,0.0,0.0,0.0,0.0,0.0,0.0,0.0,0.0
Egypt,Mohamed Salah,Attacker,1.0,90.0,0.0,0.0,0.0,0.0,0.0,0.0,0.0,0.0,0.0,0.0,0.0,0.0,0.0,0.0,0.0,0.0,0.0,0.0,0.0,0.0,0.0,0.0
Egypt,Emam Ashour,Midfielder,2.0,87.0,0.0,0.0,0.0,0.0,0.0,0.0,0.0,0.0,0.0,0.0,0.0,0.0,0.0,0.0,0.0,0.0,0.0,0.0,0.0,0.0,0.0,0.0
England,J. Pickford,Goalkeeper,22.0,2040.0,7.01,0.0,0.0,0.0,0.0,608.0,0.0,0.0,0.0,0.0,0.0,1.0,0.0,2.0,31.0,7.0,0.0,0.0,0.0,0.0,0.0,66.67
England,T. Alexander-Arnold,Defender,11.0,641.0,7.95,2.0,1.0,6.0,2.0,406.0,15.0,59.7,5.0,1.0,4.0,3.0,3.0,11.0,0.0,0.0,0.0,0.28,0.14,0.56,20.0,52.38
England,R. James,Defender,6.0,408.0,7.86,1.0,1.0,2.0,1.0,445.0,6.0,70.0,4.0,3.0,5.0,6.0,1.0,16.0,0.0,0.0,0.0,0.22,0.22,1.1,75.0,53.33
England,R. Lewis,Defender,4.0,280.0,7.8,0.0,0.0,2.0,1.0,112.0,2.0,53.0,0.0,0.0,4.0,0.0,1.0,6.0,0.0,0.0,0.0,0.0,0.0,1.29,0.0,66.67
England,D. Burn,Defender,5.0,379.0,7.68,0.0,0.0,1.0,0.0,512.0,1.0,98.0,1.0,0.0,8.0,4.0,2.0,24.0,0.0,0.0,0.0,0.0,0.0,1.9,0.0,61.54
England,J. Grealish,Midfielder,4.0,285.0,7.99,2.0,1.0,1.0,1.0,130.0,6.0,46.0,4.0,2.0,4.0,0.0,0.0,14.0,0.0,0.0,0.0,0.63,0.32,1.26,50.0,73.68
England,J. Bellingham,Midfielder,18.0,1533.0,7.67,4.0,4.0,20.0,8.0,811.0,24.0,46.63,63.0,33.0,22.0,8.0,1.0,107.0,0.0,0.0,0.0,0.23,0.23,1.29,52.38,51.69
England,D. Rice,Midfielder,22.0,1821.0,7.59,3.0,6.0,14.0,9.0,1148.0,26.0,62.81,13.0,9.0,30.0,17.0,1.0,62.0,0.0,0.0,0.0,0.15,0.3,1.48,69.23,62.0
England,H. Kane,Attacker,22.0,1727.0,7.45,15.0,0.0,51.0,33.0,327.0,19.0,0.0,21.0,10.0,8.0,2.0,3.0,60.0,0.0,0.0,0.0,0.78,0.0,0.42,47.62,49.59
England,N. Madueke,Attacker,8.0,481.0,7.65,1.0,3.0,7.0,4.0,197.0,16.0,0.0,19.0,10.0,8.0,0.0,0.0,26.0,0.0,0.0,0.0,0.19,0.56,1.5,52.63,50.98
England,B. Saka,Attacker,14.0,1045.0,7.16,2.0,1.0,11.0,5.0,422.0,13.0,0.0,38.0,26.0,8.0,2.0,1.0,54.0,0.0,0.0,0.0,0.17,0.09,0.69,68.42,59.34
France,M. Maignan,Goalkeeper,21.0,1950.0,7.14,0.0,0.0,0.0,0.0,484.0,0.0,0.0,0.0,0.0,1.0,0.0,0.0,7.0,38.0,13.0,0.0,0.0,0.0,0.05,0.0,87.5
France,L. Digne,Defender,9.0,630.0,7.64,0.0,4.0,5.0,2.0,395.0,13.0,50.14,4.0,2.0,15.0,3.0,0.0,34.0,0.0,0.0,0.0,0.0,0.57,2.14,50.0,57.63
France,T. Hernández,Defender,20.0,1351.0,7.31,0.0,1.0,6.0,2.0,808.0,17.0,55.94,29.0,12.0,17.0,6.0,5.0,59.0,0.0,0.0,0.0,0.0,0.07,1.13,41.38,62.11
France,J. Koundé,Defender,21.0,1769.0,7.26,0.0,0.0,7.0,1.0,1092.0,25.0,51.51,14.0,7.0,33.0,15.0,2.0,91.0,0.0,0.0,0.0,0.0,0.0,1.68,50.0,63.19
France,D. Upamecano,Defender,20.0,1563.0,7.23,0.0,0.0,6.0,0.0,1209.0,6.0,66.98,5.0,3.0,24.0,19.0,4.0,59.0,0.0,0.0,0.0,0.0,0.0,1.38,60.0,56.19
France,M. Olise,Midfielder,12.0,681.0,8.17,3.0,1.0,14.0,7.0,449.0,33.0,33.01,25.0,12.0,14.0,4.0,0.0,44.0,0.0,0.0,0.0,0.4,0.13,1.85,48.0,57.89
France,A. Tchouaméni,Midfielder,12.0,1079.0,7.47,0.0,1.0,14.0,2.0,784.0,14.0,66.69,5.0,2.0,27.0,15.0,1.0,57.0,0.0,0.0,0.0,0.0,0.08,2.25,40.0,59.38
France,K. Thuram,Midfielder,3.0,195.0,7.6,0.0,0.0,4.0,3.0,189.0,2.0,55.0,2.0,2.0,5.0,1.0,0.0,23.0,0.0,0.0,0.0,0.0,0.0,2.31,100.0,74.19
France,Kylian Mbappé,Attacker,17.0,1426.0,7.47,7.0,4.0,60.0,33.0,531.0,24.0,0.0,93.0,45.0,4.0,2.0,1.0,67.0,0.0,0.0,0.0,0.44,0.25,0.25,48.39,45.27
France,O. Dembélé,Attacker,13.0,931.0,7.45,2.0,0.0,20.0,8.0,365.0,32.0,0.0,55.0,25.0,16.0,5.0,0.0,63.0,0.0,0.0,0.0,0.19,0.0,1.55,45.45,51.22
France,A. Griezmann,Attacker,10.0,649.0,7.15,0.0,0.0,11.0,6.0,233.0,15.0,0.0,5.0,4.0,11.0,1.0,0.0,23.0,0.0,0.0,0.0,0.0,0.0,1.53,80.0,54.76
Germany,A. Nübel,Goalkeeper,7.0,90.0,7.2,0.0,0.0,0.0,0.0,34.0,0.0,0.0,0.0,0.0,0.0,0.0,0.0,0.0,5.0,1.0,0.0,0.0,0.0,0.0,0.0,0.0
Germany,M. Mittelstädt,Defender,16.0,942.0,7.33,1.0,1.0,11.0,4.0,451.0,14.0,34.55,4.0,1.0,18.0,14.0,2.0,37.0,0.0,0.0,0.0,0.1,0.1,1.72,25.0,59.68
Germany,A. Rüdiger,Defender,15.0,1252.0,7.17,0.0,1.0,6.0,3.0,936.0,9.0,72.38,3.0,0.0,10.0,2.0,7.0,37.0,0.0,0.0,0.0,0.0,0.07,0.72,0.0,58.73
Germany,R. Baku,Defender,4.0,146.0,7.27,1.0,1.0,3.0,1.0,95.0,2.0,0.0,1.0,1.0,4.0,1.0,0.0,6.0,0.0,0.0,0.0,0.62,0.62,2.47,100.0,46.15
Germany,J. Tah,Defender,20.0,1508.0,6.91,0.0,0.0,3.0,2.0,1240.0,4.0,70.22,1.0,1.0,12.0,13.0,6.0,32.0,0.0,0.0,0.0,0.0,0.0,0.72,100.0,43.24
Germany,J. Kimmich,Midfielder,21.0,1804.0,7.86,4.0,8.0,19.0,12.0,1278.0,45.0,63.19,8.0,2.0,27.0,17.0,5.0,58.0,0.0,0.0,0.0,0.2,0.4,1.35,25.0,51.79
Germany,F. Wirtz,Midfielder,20.0,1361.0,7.83,7.0,4.0,27.0,15.0,776.0,40.0,20.35,53.0,31.0,21.0,7.0,0.0,68.0,0.0,0.0,0.0,0.46,0.26,1.39,58.49,45.64
Germany,T. Kroos,Midfielder,8.0,740.0,7.97,0.0,1.0,3.0,1.0,643.0,17.0,102.02,2.0,1.0,12.0,8.0,0.0,22.0,0.0,0.0,0.0,0.0,0.12,1.46,50.0,62.86
Germany,N. Woltemade,Attacker,11.0,902.0,7.62,9.0,2.0,18.0,10.0,191.0,15.0,0.0,21.0,6.0,6.0,0.0,0.0,47.0,0.0,0.0,0.0,0.9,0.2,0.6,28.57,41.23
Germany,D. Undav,Attacker,8.0,127.0,7.61,1.0,1.0,5.0,4.0,39.0,7.0,0.0,0.0,0.0,2.0,0.0,0.0,2.0,0.0,0.0,0.0,0.71,0.71,1.42,0.0,20.0
Germany,T. Kleindienst,Attacker,5.0,317.0,7.52,4.0,0.0,10.0,6.0,83.0,3.0,0.0,0.0,0.0,2.0,2.0,0.0,19.0,0.0,0.0,0.0,1.14,0.0,0.57,0.0,38.78
Ghana,Lawrence Ati Zigi -,Goalkeeper,15.0,1350.0,7.4,0.0,0.0,0.0,0.0,0.0,0.0,0.0,0.0,0.0,0.0,0.0,0.0,0.0,0.0,0.0,0.0,0.0,0.0,0.0,0.0,0.0
Ghana,Alexander Kwabena Baidoo Djiku -,Defender,15.0,1350.0,7.8,0.0,0.0,0.0,0.0,0.0,0.0,0.0,0.0,0.0,0.0,0.0,0.0,0.0,0.0,0.0,0.0,0.0,0.0,0.0,0.0,0.0
Ghana,Mohamed Salisu Abdul Karim -,Defender,15.0,1350.0,7.6,0.0,0.0,0.0,0.0,0.0,0.0,0.0,0.0,0.0,0.0,0.0,0.0,0.0,0.0,0.0,0.0,0.0,0.0,0.0,0.0,0.0
Ghana,Khalid Abdul Mumin Suleman -,Defender,15.0,1350.0,7.6,0.0,0.0,0.0,0.0,0.0,0.0,0.0,0.0,0.0,0.0,0.0,0.0,0.0,0.0,0.0,0.0,0.0,0.0,0.0,0.0,0.0
Ghana,Joseph Aidoo -,Defender,15.0,1350.0,7.5,0.0,0.0,0.0,0.0,0.0,0.0,0.0,0.0,0.0,0.0,0.0,0.0,0.0,0.0,0.0,0.0,0.0,0.0,0.0,0.0,0.0
Ghana,Iñaki Williams -,Midfielder,15.0,1350.0,8.3,0.0,0.0,0.0,0.0,0.0,0.0,0.0,0.0,0.0,0.0,0.0,0.0,0.0,0.0,0.0,0.0,0.0,0.0,0.0,0.0,0.0
Ghana,Thomas Teye Partey -,Midfielder,15.0,1350.0,8.3,0.0,0.0,0.0,0.0,0.0,0.0,0.0,0.0,0.0,0.0,0.0,0.0,0.0,0.0,0.0,0.0,0.0,0.0,0.0,0.0,0.0
Ghana,Mohammed Kudus -,Midfielder,15.0,1350.0,8.0,0.0,0.0,0.0,0.0,0.0,0.0,0.0,0.0,0.0,0.0,0.0,0.0,0.0,0.0,0.0,0.0,0.0,0.0,0.0,0.0,0.0
Ghana,André Morgan Rami Ayew -,Attacker,15.0,1350.0,7.3,0.0,0.0,0.0,0.0,0.0,0.0,0.0,0.0,0.0,0.0,0.0,0.0,0.0,0.0,0.0,0.0,0.0,0.0,0.0,0.0,0.0
Ghana,Emmanuel Okyere Boateng -,Attacker,15.0,1350.0,7.2,0.0,0.0,0.0,0.0,0.0,0.0,0.0,0.0,0.0,0.0,0.0,0.0,0.0,0.0,0.0,0.0,0.0,0.0,0.0,0.0,0.0
Ghana,Abdul-Aziz Yakubu -,Attacker,15.0,1350.0,7.2,0.0,0.0,0.0,0.0,0.0,0.0,0.0,0.0,0.0,0.0,0.0,0.0,0.0,0.0,0.0,0.0,0.0,0.0,0.0,0.0,0.0
Haiti,Johny Placide -,Goalkeeper,15.0,1350.0,6.9,0.0,0.0,0.0,0.0,0.0,0.0,0.0,0.0,0.0,0.0,0.0,0.0,0.0,0.0,0.0,0.0,0.0,0.0,0.0,0.0,0.0
Haiti,Ricardo Adé -,Defender,15.0,1350.0,7.3,0.0,0.0,0.0,0.0,0.0,0.0,0.0,0.0,0.0,0.0,0.0,0.0,0.0,0.0,0.0,0.0,0.0,0.0,0.0,0.0,0.0
Haiti,Jean-Kévin Duverne -,Defender,15.0,1350.0,7.1,0.0,0.0,0.0,0.0,0.0,0.0,0.0,0.0,0.0,0.0,0.0,0.0,0.0,0.0,0.0,0.0,0.0,0.0,0.0,0.0,0.0
Haiti,Carlens Jean Fedlaire Ruby Arcus -,Defender,15.0,1350.0,6.9,0.0,0.0,0.0,0.0,0.0,0.0,0.0,0.0,0.0,0.0,0.0,0.0,0.0,0.0,0.0,0.0,0.0,0.0,0.0,0.0,0.0
Haiti,Ruben Fritzner Providence -,Midfielder,15.0,1350.0,6.6,0.0,0.0,0.0,0.0,0.0,0.0,0.0,0.0,0.0,0.0,0.0,0.0,0.0,0.0,0.0,0.0,0.0,0.0,0.0,0.0,0.0
Haiti,Joseph Belmar -,Midfielder,15.0,1350.0,5.6,0.0,0.0,0.0,0.0,0.0,0.0,0.0,0.0,0.0,0.0,0.0,0.0,0.0,0.0,0.0,0.0,0.0,0.0,0.0,0.0,0.0
Haiti,Frantzdy Pierrot -,Attacker,15.0,1350.0,7.2,0.0,0.0,0.0,0.0,0.0,0.0,0.0,0.0,0.0,0.0,0.0,0.0,0.0,0.0,0.0,0.0,0.0,0.0,0.0,0.0,0.0
Haiti,Duckens Moses Nazon -,Attacker,15.0,1350.0,6.7,0.0,0.0,0.0,0.0,0.0,0.0,0.0,0.0,0.0,0.0,0.0,0.0,0.0,0.0,0.0,0.0,0.0,0.0,0.0,0.0,0.0
Haiti,Local Player 1,Unknown,0.0,90.0,6.0,,,,,,,,,,,,,,,,,,,,,
Haiti,Local Player 2,Unknown,0.0,90.0,6.0,,,,,,,,,,,,,,,,,,,,,
Haiti,Local Player 3,Unknown,0.0,90.0,6.0,,,,,,,,,,,,,,,,,,,,,
Iran,Amir Abedzadeh -,Goalkeeper,15.0,1350.0,6.8,0.0,0.0,0.0,0.0,0.0,0.0,0.0,0.0,0.0,0.0,0.0,0.0,0.0,0.0,0.0,0.0,0.0,0.0,0.0,0.0,0.0
Iran,Ehsan Hajsafi -,Defender,15.0,1350.0,7.0,0.0,0.0,0.0,0.0,0.0,0.0,0.0,0.0,0.0,0.0,0.0,0.0,0.0,0.0,0.0,0.0,0.0,0.0,0.0,0.0,0.0
Iran,Sadegh Moharrami -,Defender,15.0,1350.0,6.8,0.0,0.0,0.0,0.0,0.0,0.0,0.0,0.0,0.0,0.0,0.0,0.0,0.0,0.0,0.0,0.0,0.0,0.0,0.0,0.0,0.0
Iran,Seyed Majid Hosseini -,Defender,15.0,1350.0,6.8,0.0,0.0,0.0,0.0,0.0,0.0,0.0,0.0,0.0,0.0,0.0,0.0,0.0,0.0,0.0,0.0,0.0,0.0,0.0,0.0,0.0
Iran,Alireza Jahanbakhsh -,Midfielder,15.0,1350.0,7.1,0.0,0.0,0.0,0.0,0.0,0.0,0.0,0.0,0.0,0.0,0.0,0.0,0.0,0.0,0.0,0.0,0.0,0.0,0.0,0.0,0.0
Iran,Seyed Allahyar Sayyadmanesh Shiadeh -,Midfielder,15.0,1350.0,7.1,0.0,0.0,0.0,0.0,0.0,0.0,0.0,0.0,0.0,0.0,0.0,0.0,0.0,0.0,0.0,0.0,0.0,0.0,0.0,0.0,0.0
Iran,Ali Gholizadeh -,Midfielder,15.0,1350.0,6.9,0.0,0.0,0.0,0.0,0.0,0.0,0.0,0.0,0.0,0.0,0.0,0.0,0.0,0.0,0.0,0.0,0.0,0.0,0.0,0.0,0.0
Iran,Mehdi Taremi -,Attacker,15.0,1350.0,7.9,0.0,0.0,0.0,0.0,0.0,0.0,0.0,0.0,0.0,0.0,0.0,0.0,0.0,0.0,0.0,0.0,0.0,0.0,0.0,0.0,0.0
Iran,Ali Karimi -,Midfielder,15.0,1350.0,6.6,0.0,0.0,0.0,0.0,0.0,0.0,0.0,0.0,0.0,0.0,0.0,0.0,0.0,0.0,0.0,0.0,0.0,0.0,0.0,0.0,0.0
Iran,Local Player 1,Unknown,0.0,90.0,6.0,,,,,,,,,,,,,,,,,,,,,
Iran,Local Player 2,Unknown,0.0,90.0,6.0,,,,,,,,,,,,,,,,,,,,,
Ivory Coast,Yahia Fofana -,Goalkeeper,15.0,1350.0,7.5,0.0,0.0,0.0,0.0,0.0,0.0,0.0,0.0,0.0,0.0,0.0,0.0,0.0,0.0,0.0,0.0,0.0,0.0,0.0,0.0,0.0
Ivory Coast,Wilfried Stephane Singo -,Defender,15.0,1350.0,8.0,0.0,0.0,0.0,0.0,0.0,0.0,0.0,0.0,0.0,0.0,0.0,0.0,0.0,0.0,0.0,0.0,0.0,0.0,0.0,0.0,0.0
Ivory Coast,Odilon Kossounou Kouakou -,Defender,15.0,1350.0,8.0,0.0,0.0,0.0,0.0,0.0,0.0,0.0,0.0,0.0,0.0,0.0,0.0,0.0,0.0,0.0,0.0,0.0,0.0,0.0,0.0,0.0
Ivory Coast,Obite Evan Ndicka -,Defender,15.0,1350.0,8.0,0.0,0.0,0.0,0.0,0.0,0.0,0.0,0.0,0.0,0.0,0.0,0.0,0.0,0.0,0.0,0.0,0.0,0.0,0.0,0.0,0.0
Ivory Coast,Ousmane Diomande -,Defender,15.0,1350.0,7.9,0.0,0.0,0.0,0.0,0.0,0.0,0.0,0.0,0.0,0.0,0.0,0.0,0.0,0.0,0.0,0.0,0.0,0.0,0.0,0.0,0.0
Ivory Coast,Franck Yannick Kessié -,Midfielder,15.0,1350.0,8.1,0.0,0.0,0.0,0.0,0.0,0.0,0.0,0.0,0.0,0.0,0.0,0.0,0.0,0.0,0.0,0.0,0.0,0.0,0.0,0.0,0.0
Ivory Coast,Amad -,Midfielder,15.0,1350.0,7.9,0.0,0.0,0.0,0.0,0.0,0.0,0.0,0.0,0.0,0.0,0.0,0.0,0.0,0.0,0.0,0.0,0.0,0.0,0.0,0.0,0.0
Ivory Coast,Nicolas Pépé -,Midfielder,15.0,1350.0,7.9,0.0,0.0,0.0,0.0,0.0,0.0,0.0,0.0,0.0,0.0,0.0,0.0,0.0,0.0,0.0,0.0,0.0,0.0,0.0,0.0,0.0
Ivory Coast,Evann Guessand -,Attacker,15.0,1350.0,7.8,0.0,0.0,0.0,0.0,0.0,0.0,0.0,0.0,0.0,0.0,0.0,0.0,0.0,0.0,0.0,0.0,0.0,0.0,0.0,0.0,0.0
Ivory Coast,Sébastien Romain Teddy Haller -,Attacker,15.0,1350.0,7.8,0.0,0.0,0.0,0.0,0.0,0.0,0.0,0.0,0.0,0.0,0.0,0.0,0.0,0.0,0.0,0.0,0.0,0.0,0.0,0.0,0.0
Ivory Coast,Jérémie Boga -,Attacker,15.0,1350.0,7.7,0.0,0.0,0.0,0.0,0.0,0.0,0.0,0.0,0.0,0.0,0.0,0.0,0.0,0.0,0.0,0.0,0.0,0.0,0.0,0.0,0.0
Japan,Zion Suzuki -,Goalkeeper,15.0,1350.0,7.2,0.0,0.0,0.0,0.0,0.0,0.0,0.0,0.0,0.0,0.0,0.0,0.0,0.0,0.0,0.0,0.0,0.0,0.0,0.0,0.0,0.0
Japan,Hiroki Ito -,Defender,15.0,1350.0,7.8,0.0,0.0,0.0,0.0,0.0,0.0,0.0,0.0,0.0,0.0,0.0,0.0,0.0,0.0,0.0,0.0,0.0,0.0,0.0,0.0,0.0
Japan,Takehiro Tomiyasu -,Defender,15.0,1350.0,7.8,0.0,0.0,0.0,0.0,0.0,0.0,0.0,0.0,0.0,0.0,0.0,0.0,0.0,0.0,0.0,0.0,0.0,0.0,0.0,0.0,0.0
Japan,Ko Itakura -,Defender,15.0,1350.0,7.7,0.0,0.0,0.0,0.0,0.0,0.0,0.0,0.0,0.0,0.0,0.0,0.0,0.0,0.0,0.0,0.0,0.0,0.0,0.0,0.0,0.0
Japan,Tsuyoshi Watanabe -,Defender,15.0,1350.0,7.5,0.0,0.0,0.0,0.0,0.0,0.0,0.0,0.0,0.0,0.0,0.0,0.0,0.0,0.0,0.0,0.0,0.0,0.0,0.0,0.0,0.0
Japan,Kaoru Mitoma -,Midfielder,15.0,1350.0,8.2,0.0,0.0,0.0,0.0,0.0,0.0,0.0,0.0,0.0,0.0,0.0,0.0,0.0,0.0,0.0,0.0,0.0,0.0,0.0,0.0,0.0
Japan,Takefusa Kubo -,Midfielder,15.0,1350.0,8.2,0.0,0.0,0.0,0.0,0.0,0.0,0.0,0.0,0.0,0.0,0.0,0.0,0.0,0.0,0.0,0.0,0.0,0.0,0.0,0.0,0.0
Japan,Ritsu Doan -,Midfielder,15.0,1350.0,8.1,0.0,0.0,0.0,0.0,0.0,0.0,0.0,0.0,0.0,0.0,0.0,0.0,0.0,0.0,0.0,0.0,0.0,0.0,0.0,0.0,0.0
Japan,Daizen Maeda -,Attacker,15.0,1350.0,7.8,0.0,0.0,0.0,0.0,0.0,0.0,0.0,0.0,0.0,0.0,0.0,0.0,0.0,0.0,0.0,0.0,0.0,0.0,0.0,0.0,0.0
Japan,Kyogo Furuhashi -,Attacker,15.0,1350.0,7.6,0.0,0.0,0.0,0.0,0.0,0.0,0.0,0.0,0.0,0.0,0.0,0.0,0.0,0.0,0.0,0.0,0.0,0.0,0.0,0.0,0.0
Japan,Ayase Ueda -,Attacker,15.0,1350.0,7.4,0.0,0.0,0.0,0.0,0.0,0.0,0.0,0.0,0.0,0.0,0.0,0.0,0.0,0.0,0.0,0.0,0.0,0.0,0.0,0.0,0.0
Jordan,Yazan Al Arab -,Defender,15.0,1350.0,7.1,0.0,0.0,0.0,0.0,0.0,0.0,0.0,0.0,0.0,0.0,0.0,0.0,0.0,0.0,0.0,0.0,0.0,0.0,0.0,0.0,0.0
Jordan,Hijazi Maher -,Defender,15.0,1350.0,6.0,0.0,0.0,0.0,0.0,0.0,0.0,0.0,0.0,0.0,0.0,0.0,0.0,0.0,0.0,0.0,0.0,0.0,0.0,0.0,0.0,0.0
Jordan,Mousa Mohammad Mousa Sulaiman Al Tamari -,Midfielder,15.0,1350.0,7.5,0.0,0.0,0.0,0.0,0.0,0.0,0.0,0.0,0.0,0.0,0.0,0.0,0.0,0.0,0.0,0.0,0.0,0.0,0.0,0.0,0.0
Jordan,Mohannad Nahmoud Saleh Abu Taha -,Midfielder,15.0,1350.0,6.4,0.0,0.0,0.0,0.0,0.0,0.0,0.0,0.0,0.0,0.0,0.0,0.0,0.0,0.0,0.0,0.0,0.0,0.0,0.0,0.0,0.0
Jordan,Local Player 1,Unknown,0.0,90.0,6.0,,,,,,,,,,,,,,,,,,,,,
Jordan,Local Player 2,Unknown,0.0,90.0,6.0,,,,,,,,,,,,,,,,,,,,,
Jordan,Local Player 3,Unknown,0.0,90.0,6.0,,,,,,,,,,,,,,,,,,,,,
Jordan,Local Player 4,Unknown,0.0,90.0,6.0,,,,,,,,,,,,,,,,,,,,,
Jordan,Local Player 5,Unknown,0.0,90.0,6.0,,,,,,,,,,,,,,,,,,,,,
Jordan,Local Player 6,Unknown,0.0,90.0,6.0,,,,,,,,,,,,,,,,,,,,,
Jordan,Local Player 7,Unknown,0.0,90.0,6.0,,,,,,,,,,,,,,,,,,,,,
Mexico,Luis Ángel Malagón Velázquez -,Goalkeeper,15.0,1350.0,7.8,0.0,0.0,0.0,0.0,0.0,0.0,0.0,0.0,0.0,0.0,0.0,0.0,0.0,0.0,0.0,0.0,0.0,0.0,0.0,0.0,0.0
Mexico,César Jasib Montes Castro -,Defender,15.0,1350.0,7.5,0.0,0.0,0.0,0.0,0.0,0.0,0.0,0.0,0.0,0.0,0.0,0.0,0.0,0.0,0.0,0.0,0.0,0.0,0.0,0.0,0.0
Mexico,Israel Reyes Romero -,Defender,15.0,1350.0,7.5,0.0,0.0,0.0,0.0,0.0,0.0,0.0,0.0,0.0,0.0,0.0,0.0,0.0,0.0,0.0,0.0,0.0,0.0,0.0,0.0,0.0
Mexico,Johan Felipe Vásquez Ibarra -,Defender,15.0,1350.0,7.5,0.0,0.0,0.0,0.0,0.0,0.0,0.0,0.0,0.0,0.0,0.0,0.0,0.0,0.0,0.0,0.0,0.0,0.0,0.0,0.0,0.0
Mexico,Jesús Daniel Gallardo Vasconcelos -,Defender,15.0,1350.0,7.5,0.0,0.0,0.0,0.0,0.0,0.0,0.0,0.0,0.0,0.0,0.0,0.0,0.0,0.0,0.0,0.0,0.0,0.0,0.0,0.0,0.0
Mexico,Roberto Carlos Alvarado Hernández -,Midfielder,15.0,1350.0,7.8,0.0,0.0,0.0,0.0,0.0,0.0,0.0,0.0,0.0,0.0,0.0,0.0,0.0,0.0,0.0,0.0,0.0,0.0,0.0,0.0,0.0
Mexico,Edson Omar Álvarez Velázquez -,Midfielder,15.0,1350.0,7.8,0.0,0.0,0.0,0.0,0.0,0.0,0.0,0.0,0.0,0.0,0.0,0.0,0.0,0.0,0.0,0.0,0.0,0.0,0.0,0.0,0.0
Mexico,Luis Gerardo Chávez Magallón -,Midfielder,15.0,1350.0,7.8,0.0,0.0,0.0,0.0,0.0,0.0,0.0,0.0,0.0,0.0,0.0,0.0,0.0,0.0,0.0,0.0,0.0,0.0,0.0,0.0,0.0
Mexico,Santiago Tomás Giménez -,Attacker,15.0,1350.0,7.9,0.0,0.0,0.0,0.0,0.0,0.0,0.0,0.0,0.0,0.0,0.0,0.0,0.0,0.0,0.0,0.0,0.0,0.0,0.0,0.0,0.0
Mexico,Julián Andrés Quiñones Quiñones -,Attacker,15.0,1350.0,7.9,0.0,0.0,0.0,0.0,0.0,0.0,0.0,0.0,0.0,0.0,0.0,0.0,0.0,0.0,0.0,0.0,0.0,0.0,0.0,0.0,0.0
Mexico,Ernesto Alexis Vega Rojas -,Attacker,15.0,1350.0,7.8,0.0,0.0,0.0,0.0,0.0,0.0,0.0,0.0,0.0,0.0,0.0,0.0,0.0,0.0,0.0,0.0,0.0,0.0,0.0,0.0,0.0
Morocco,Y. Bounou,Goalkeeper,2.0,180.0,0.0,0.0,0.0,0.0,0.0,0.0,0.0,0.0,0.0,0.0,0.0,0.0,0.0,0.0,0.0,0.0,0.0,0.0,0.0,0.0,0.0,0.0
Morocco,A. Hakimi,Defender,2.0,180.0,0.0,0.0,0.0,0.0,0.0,0.0,0.0,0.0,0.0,0.0,0.0,0.0,0.0,0.0,0.0,0.0,0.0,0.0,0.0,0.0,0.0,0.0
Morocco,Y. Attiat-Allah,Defender,2.0,180.0,0.0,0.0,0.0,0.0,0.0,0.0,0.0,0.0,0.0,0.0,0.0,0.0,0.0,0.0,0.0,0.0,0.0,0.0,0.0,0.0,0.0,0.0
Morocco,N. Aguerd,Defender,2.0,180.0,0.0,0.0,0.0,0.0,0.0,0.0,0.0,0.0,0.0,0.0,0.0,0.0,0.0,0.0,0.0,0.0,0.0,0.0,0.0,0.0,0.0,0.0
Morocco,A. Abqar,Defender,1.0,90.0,0.0,0.0,0.0,0.0,0.0,0.0,0.0,0.0,0.0,0.0,0.0,0.0,0.0,0.0,0.0,0.0,0.0,0.0,0.0,0.0,0.0,0.0
Morocco,O. El Azzouzi,Midfielder,2.0,105.0,0.0,0.0,0.0,0.0,0.0,0.0,0.0,0.0,0.0,0.0,0.0,0.0,0.0,0.0,0.0,0.0,0.0,0.0,0.0,0.0,0.0,0.0
Morocco,A. Ounahi,Midfielder,2.0,91.0,0.0,0.0,0.0,0.0,0.0,0.0,0.0,0.0,0.0,0.0,0.0,0.0,0.0,0.0,0.0,0.0,0.0,0.0,0.0,0.0,0.0,0.0
Morocco,A. Richardson,Midfielder,2.0,89.0,0.0,0.0,0.0,0.0,0.0,0.0,0.0,0.0,0.0,0.0,0.0,0.0,0.0,0.0,0.0,0.0,0.0,0.0,0.0,0.0,0.0,0.0
Morocco,S. Rahimi,Attacker,2.0,100.0,0.0,0.0,0.0,0.0,0.0,0.0,0.0,0.0,0.0,0.0,0.0,0.0,0.0,0.0,0.0,0.0,0.0,0.0,0.0,0.0,0.0,0.0
Morocco,C. Riad,Defender,1.0,90.0,0.0,0.0,0.0,0.0,0.0,0.0,0.0,0.0,0.0,0.0,0.0,0.0,0.0,0.0,0.0,0.0,0.0,0.0,0.0,0.0,0.0,0.0
Morocco,Local Player 1,Unknown,0.0,90.0,6.0,,,,,,,,,,,,,,,,,,,,,
Netherlands,B. Verbruggen,Goalkeeper,22.0,1926.0,7.1,0.0,0.0,0.0,0.0,641.0,0.0,0.0,0.0,0.0,1.0,0.0,0.0,4.0,51.0,20.0,0.0,0.0,0.0,0.05,0.0,100.0
Netherlands,V. van Dijk,Defender,23.0,2039.0,7.41,4.0,0.0,16.0,6.0,1591.0,9.0,69.88,1.0,0.0,18.0,16.0,12.0,97.0,0.0,0.0,0.0,0.18,0.0,0.79,0.0,68.31
Netherlands,D. Dumfries,Defender,19.0,1515.0,7.38,4.0,5.0,22.0,9.0,684.0,16.0,17.2,20.0,7.0,24.0,13.0,5.0,71.0,0.0,0.0,0.0,0.24,0.3,1.43,35.0,51.82
Netherlands,N. Aké,Defender,15.0,1064.0,7.14,0.0,2.0,7.0,0.0,520.0,8.0,14.35,3.0,2.0,10.0,8.0,3.0,28.0,0.0,0.0,0.0,0.0,0.17,0.85,66.67,58.33
Netherlands,S. de Vrij,Defender,15.0,1039.0,7.1,1.0,0.0,7.0,2.0,875.0,3.0,60.73,3.0,2.0,18.0,11.0,3.0,54.0,0.0,0.0,0.0,0.09,0.0,1.56,66.67,70.13
Netherlands,F. de Jong,Midfielder,10.0,825.0,7.55,0.0,3.0,3.0,1.0,830.0,9.0,79.43,6.0,5.0,16.0,7.0,6.0,35.0,0.0,0.0,0.0,0.0,0.33,1.75,83.33,64.81
Netherlands,X. Simons,Midfielder,20.0,1204.0,7.28,6.0,5.0,25.0,11.0,488.0,31.0,0.0,34.0,14.0,15.0,8.0,0.0,58.0,0.0,0.0,0.0,0.45,0.37,1.12,41.18,47.15
Netherlands,T. Reijnders,Midfielder,23.0,1714.0,7.16,6.0,2.0,24.0,14.0,808.0,8.0,13.35,28.0,14.0,17.0,11.0,2.0,43.0,0.0,0.0,0.0,0.32,0.11,0.89,50.0,45.74
Netherlands,C. Gakpo,Attacker,24.0,1837.0,7.7,10.0,5.0,35.0,23.0,533.0,47.0,0.0,58.0,31.0,23.0,10.0,2.0,93.0,0.0,0.0,0.0,0.49,0.24,1.13,53.45,47.45
Netherlands,M. Depay,Attacker,20.0,1484.0,7.54,11.0,6.0,42.0,21.0,449.0,43.0,0.0,37.0,12.0,5.0,2.0,0.0,41.0,0.0,0.0,0.0,0.67,0.36,0.3,32.43,32.28
Netherlands,D. Malen,Attacker,22.0,950.0,7.28,8.0,4.0,23.0,14.0,246.0,13.0,0.0,51.0,28.0,4.0,4.0,0.0,54.0,0.0,0.0,0.0,0.76,0.38,0.38,54.9,52.94
New Zealand,Alexander Noah Paulsen -,Goalkeeper,15.0,1350.0,7.1,0.0,0.0,0.0,0.0,0.0,0.0,0.0,0.0,0.0,0.0,0.0,0.0,0.0,0.0,0.0,0.0,0.0,0.0,0.0,0.0,0.0
New Zealand,Liberato Gianpaolo Cacace -,Defender,15.0,1350.0,7.2,0.0,0.0,0.0,0.0,0.0,0.0,0.0,0.0,0.0,0.0,0.0,0.0,0.0,0.0,0.0,0.0,0.0,0.0,0.0,0.0,0.0
New Zealand,Tyler Grant Bindon -,Defender,15.0,1350.0,6.9,0.0,0.0,0.0,0.0,0.0,0.0,0.0,0.0,0.0,0.0,0.0,0.0,0.0,0.0,0.0,0.0,0.0,0.0,0.0,0.0,0.0
New Zealand,Francis de Vries -,Defender,15.0,1350.0,6.8,0.0,0.0,0.0,0.0,0.0,0.0,0.0,0.0,0.0,0.0,0.0,0.0,0.0,0.0,0.0,0.0,0.0,0.0,0.0,0.0,0.0
New Zealand,Nando Zen Pijnaker -,Defender,15.0,1350.0,6.7,0.0,0.0,0.0,0.0,0.0,0.0,0.0,0.0,0.0,0.0,0.0,0.0,0.0,0.0,0.0,0.0,0.0,0.0,0.0,0.0,0.0
New Zealand,Joe Zen Robert Bell -,Midfielder,15.0,1350.0,7.2,0.0,0.0,0.0,0.0,0.0,0.0,0.0,0.0,0.0,0.0,0.0,0.0,0.0,0.0,0.0,0.0,0.0,0.0,0.0,0.0,0.0
New Zealand,Marko Seufatu Nikola Stamenić -,Midfielder,15.0,1350.0,7.1,0.0,0.0,0.0,0.0,0.0,0.0,0.0,0.0,0.0,0.0,0.0,0.0,0.0,0.0,0.0,0.0,0.0,0.0,0.0,0.0,0.0
New Zealand,Alex Arthur Rufer -,Midfielder,15.0,1350.0,6.9,0.0,0.0,0.0,0.0,0.0,0.0,0.0,0.0,0.0,0.0,0.0,0.0,0.0,0.0,0.0,0.0,0.0,0.0,0.0,0.0,0.0
New Zealand,Christopher Grant Wood -,Attacker,15.0,1350.0,8.1,0.0,0.0,0.0,0.0,0.0,0.0,0.0,0.0,0.0,0.0,0.0,0.0,0.0,0.0,0.0,0.0,0.0,0.0,0.0,0.0,0.0
New Zealand,Konstantinos Barbarouses -,Attacker,15.0,1350.0,6.8,0.0,0.0,0.0,0.0,0.0,0.0,0.0,0.0,0.0,0.0,0.0,0.0,0.0,0.0,0.0,0.0,0.0,0.0,0.0,0.0,0.0
New Zealand,Benjamin Craig Old -,Attacker,15.0,1350.0,6.8,0.0,0.0,0.0,0.0,0.0,0.0,0.0,0.0,0.0,0.0,0.0,0.0,0.0,0.0,0.0,0.0,0.0,0.0,0.0,0.0,0.0
Norway,Christian Kjetil Haug -,Goalkeeper,15.0,1350.0,7.0,0.0,0.0,0.0,0.0,0.0,0.0,0.0,0.0,0.0,0.0,0.0,0.0,0.0,0.0,0.0,0.0,0.0,0.0,0.0,0.0,0.0
Norway,Julian Ryerson -,Defender,15.0,1350.0,7.9,0.0,0.0,0.0,0.0,0.0,0.0,0.0,0.0,0.0,0.0,0.0,0.0,0.0,0.0,0.0,0.0,0.0,0.0,0.0,0.0,0.0
Norway,Kristoffer Vassbakk Köpp Ajer -,Defender,15.0,1350.0,7.5,0.0,0.0,0.0,0.0,0.0,0.0,0.0,0.0,0.0,0.0,0.0,0.0,0.0,0.0,0.0,0.0,0.0,0.0,0.0,0.0,0.0
Norway,Andreas Schjølberg Hanche-Olsen -,Defender,15.0,1350.0,7.5,0.0,0.0,0.0,0.0,0.0,0.0,0.0,0.0,0.0,0.0,0.0,0.0,0.0,0.0,0.0,0.0,0.0,0.0,0.0,0.0,0.0
Norway,Leo Skiri Østigård -,Defender,15.0,1350.0,7.3,0.0,0.0,0.0,0.0,0.0,0.0,0.0,0.0,0.0,0.0,0.0,0.0,0.0,0.0,0.0,0.0,0.0,0.0,0.0,0.0,0.0
Norway,Martin Ødegaard -,Midfielder,15.0,1350.0,8.7,0.0,0.0,0.0,0.0,0.0,0.0,0.0,0.0,0.0,0.0,0.0,0.0,0.0,0.0,0.0,0.0,0.0,0.0,0.0,0.0,0.0
Norway,Fredrik Aursnes -,Midfielder,15.0,1350.0,8.0,0.0,0.0,0.0,0.0,0.0,0.0,0.0,0.0,0.0,0.0,0.0,0.0,0.0,0.0,0.0,0.0,0.0,0.0,0.0,0.0,0.0
Norway,Sander Gard Bolin Berge -,Midfielder,15.0,1350.0,7.9,0.0,0.0,0.0,0.0,0.0,0.0,0.0,0.0,0.0,0.0,0.0,0.0,0.0,0.0,0.0,0.0,0.0,0.0,0.0,0.0,0.0
Norway,Erling Braut Håland -,Attacker,15.0,1350.0,9.0,0.0,0.0,0.0,0.0,0.0,0.0,0.0,0.0,0.0,0.0,0.0,0.0,0.0,0.0,0.0,0.0,0.0,0.0,0.0,0.0,0.0
Norway,Alexander Sørloth -,Attacker,15.0,1350.0,8.2,0.0,0.0,0.0,0.0,0.0,0.0,0.0,0.0,0.0,0.0,0.0,0.0,0.0,0.0,0.0,0.0,0.0,0.0,0.0,0.0,0.0
Norway,Jørgen Strand Larsen -,Attacker,15.0,1350.0,7.8,0.0,0.0,0.0,0.0,0.0,0.0,0.0,0.0,0.0,0.0,0.0,0.0,0.0,0.0,0.0,0.0,0.0,0.0,0.0,0.0,0.0
Panama,Luis Ricardo Mejía Cajar -,Goalkeeper,15.0,1350.0,7.2,0.0,0.0,0.0,0.0,0.0,0.0,0.0,0.0,0.0,0.0,0.0,0.0,0.0,0.0,0.0,0.0,0.0,0.0,0.0,0.0,0.0
Panama,Michael Amir Murillo Bermúdez -,Defender,15.0,1350.0,7.6,0.0,0.0,0.0,0.0,0.0,0.0,0.0,0.0,0.0,0.0,0.0,0.0,0.0,0.0,0.0,0.0,0.0,0.0,0.0,0.0,0.0
Panama,Andrés Alberto Andrade Cedeño -,Defender,15.0,1350.0,7.0,0.0,0.0,0.0,0.0,0.0,0.0,0.0,0.0,0.0,0.0,0.0,0.0,0.0,0.0,0.0,0.0,0.0,0.0,0.0,0.0,0.0
Panama,José Ángel Córdoba Chambers -,Defender,15.0,1350.0,6.8,0.0,0.0,0.0,0.0,0.0,0.0,0.0,0.0,0.0,0.0,0.0,0.0,0.0,0.0,0.0,0.0,0.0,0.0,0.0,0.0,0.0
Panama,Leslie Eduardo Heráldez Sevillano -,Midfielder,15.0,1350.0,6.4,0.0,0.0,0.0,0.0,0.0,0.0,0.0,0.0,0.0,0.0,0.0,0.0,0.0,0.0,0.0,0.0,0.0,0.0,0.0,0.0,0.0
Panama,Victor Alfredo Griffith Mullins -,Midfielder,15.0,1350.0,5.6,0.0,0.0,0.0,0.0,0.0,0.0,0.0,0.0,0.0,0.0,0.0,0.0,0.0,0.0,0.0,0.0,0.0,0.0,0.0,0.0,0.0
Panama,Ismael Díaz de León -,Attacker,15.0,1350.0,7.2,0.0,0.0,0.0,0.0,0.0,0.0,0.0,0.0,0.0,0.0,0.0,0.0,0.0,0.0,0.0,0.0,0.0,0.0,0.0,0.0,0.0
Panama,Eduardo Antonio Guerrero Locano -,Attacker,15.0,1350.0,7.0,0.0,0.0,0.0,0.0,0.0,0.0,0.0,0.0,0.0,0.0,0.0,0.0,0.0,0.0,0.0,0.0,0.0,0.0,0.0,0.0,0.0
Panama,José Fajardo Nelson -,Attacker,15.0,1350.0,6.9,0.0,0.0,0.0,0.0,0.0,0.0,0.0,0.0,0.0,0.0,0.0,0.0,0.0,0.0,0.0,0.0,0.0,0.0,0.0,0.0,0.0
Panama,Orlando Mosquera -,Goalkeeper,15.0,1350.0,6.8,0.0,0.0,0.0,0.0,0.0,0.0,0.0,0.0,0.0,0.0,0.0,0.0,0.0,0.0,0.0,0.0,0.0,0.0,0.0,0.0,0.0
Panama,Azarias Emmanuel Londoño González -,Attacker,15.0,1350.0,6.7,0.0,0.0,0.0,0.0,0.0,0.0,0.0,0.0,0.0,0.0,0.0,0.0,0.0,0.0,0.0,0.0,0.0,0.0,0.0,0.0,0.0
Paraguay,R. Morínigo,Goalkeeper,3.0,270.0,6.33,0.0,0.0,0.0,0.0,62.0,0.0,0.0,0.0,0.0,0.0,0.0,0.0,0.0,3.0,8.0,0.0,0.0,0.0,0.0,0.0,0.0
Paraguay,I. Ramírez,Defender,3.0,124.0,7.14,0.0,0.0,1.0,1.0,52.0,2.0,0.0,2.0,2.0,5.0,0.0,0.0,8.0,0.0,0.0,0.0,0.0,0.0,3.63,100.0,80.0
Paraguay,F. Balbuena,Defender,6.0,459.0,6.86,0.0,0.0,4.0,1.0,119.0,3.0,0.0,0.0,0.0,11.0,9.0,1.0,17.0,0.0,0.0,0.0,0.0,0.0,2.16,0.0,70.83
Paraguay,N. Giménez,Defender,4.0,278.0,6.7,0.0,0.0,1.0,0.0,124.0,5.0,19.71,2.0,0.0,1.0,2.0,0.0,3.0,0.0,0.0,0.0,0.0,0.0,0.32,0.0,25.0
Paraguay,O. Alderete,Defender,5.0,441.0,6.44,1.0,0.0,3.0,1.0,183.0,1.0,14.69,6.0,4.0,7.0,7.0,1.0,20.0,0.0,0.0,0.0,0.2,0.0,1.43,66.67,57.14
Paraguay,J. Enciso,Midfielder,6.0,433.0,7.39,1.0,0.0,14.0,6.0,147.0,9.0,15.61,23.0,12.0,5.0,3.0,0.0,28.0,0.0,0.0,0.0,0.21,0.0,1.04,52.17,50.91
Paraguay,M. Villasanti,Midfielder,6.0,451.0,6.8,0.0,1.0,4.0,0.0,129.0,4.0,0.0,2.0,1.0,4.0,4.0,0.0,12.0,0.0,0.0,0.0,0.0,0.2,0.8,50.0,48.0
Paraguay,A. Romero,Midfielder,5.0,99.0,6.77,0.0,0.0,0.0,0.0,65.0,2.0,0.0,2.0,1.0,0.0,0.0,0.0,2.0,0.0,0.0,0.0,0.0,0.0,0.0,50.0,40.0
Paraguay,Á. Romero,Attacker,3.0,125.0,6.87,0.0,0.0,2.0,1.0,49.0,7.0,0.0,4.0,1.0,2.0,1.0,0.0,5.0,0.0,0.0,0.0,0.0,0.0,1.44,25.0,27.78
Paraguay,R. Sosa,Attacker,6.0,314.0,6.62,1.0,1.0,2.0,2.0,58.0,4.0,0.0,7.0,4.0,0.0,0.0,0.0,6.0,0.0,0.0,0.0,0.29,0.29,0.0,57.14,35.29
Paraguay,A. Arce,Attacker,5.0,262.0,6.59,0.0,0.0,4.0,0.0,38.0,1.0,0.0,2.0,1.0,3.0,0.0,0.0,15.0,0.0,0.0,0.0,0.0,0.0,1.03,50.0,42.86
Portugal,Diogo Costa,Goalkeeper,21.0,1980.0,6.12,0.0,0.0,0.0,0.0,429.0,0.0,0.0,0.0,0.0,0.0,0.0,0.0,6.0,44.0,17.0,0.0,0.0,0.0,0.0,0.0,85.71
Portugal,Tomás Araújo,Defender,1.0,63.0,7.2,0.0,0.0,0.0,0.0,45.0,1.0,40.0,0.0,0.0,0.0,0.0,2.0,0.0,0.0,0.0,0.0,0.0,0.0,0.0,0.0,0.0
Portugal,Nélson Semedo,Defender,16.0,634.0,6.82,0.0,2.0,6.0,2.0,332.0,7.0,0.0,12.0,4.0,18.0,3.0,1.0,29.0,0.0,0.0,0.0,0.0,0.28,2.56,33.33,41.43
Portugal,Nuno Mendes,Defender,20.0,1666.0,6.69,0.0,5.0,11.0,4.0,1018.0,26.0,58.6,60.0,23.0,32.0,17.0,6.0,99.0,0.0,0.0,0.0,0.0,0.27,1.73,38.33,53.23
Portugal,Rúben Dias,Defender,19.0,1739.0,6.34,1.0,0.0,3.0,0.0,1385.0,5.0,81.66,4.0,4.0,11.0,10.0,15.0,71.0,0.0,0.0,0.0,0.05,0.0,0.57,100.0,61.74
Portugal,Renato Veiga,Midfielder,11.0,616.0,6.92,1.0,0.0,7.0,1.0,447.0,2.0,51.31,0.0,0.0,9.0,5.0,5.0,32.0,0.0,0.0,0.0,0.15,0.0,1.31,0.0,56.14
Portugal,Bruno Fernandes,Midfielder,20.0,1721.0,6.47,9.0,2.0,31.0,18.0,946.0,49.0,50.4,18.0,7.0,28.0,9.0,2.0,58.0,0.0,0.0,0.0,0.47,0.1,1.46,38.89,46.4
Portugal,Bernardo Silva,Midfielder,18.0,1472.0,6.45,3.0,1.0,8.0,5.0,815.0,28.0,47.07,19.0,10.0,26.0,3.0,3.0,49.0,0.0,0.0,0.0,0.18,0.06,1.59,52.63,48.51
Portugal,Trincão,Attacker,12.0,199.0,6.89,2.0,1.0,3.0,2.0,95.0,6.0,0.0,11.0,3.0,0.0,1.0,0.0,5.0,0.0,0.0,0.0,0.9,0.45,0.0,27.27,26.32
Portugal,Cristiano Ronaldo,Attacker,19.0,1596.0,6.44,13.0,2.0,68.0,34.0,357.0,16.0,0.0,20.0,6.0,4.0,0.0,1.0,38.0,0.0,0.0,0.0,0.73,0.11,0.23,30.0,39.58
Portugal,Pedro Neto,Attacker,14.0,778.0,6.53,1.0,1.0,7.0,6.0,432.0,15.0,0.0,30.0,14.0,10.0,4.0,1.0,31.0,0.0,0.0,0.0,0.12,0.12,1.16,46.67,46.97
Qatar,Meshaal Aissa Mohammed Barsham -,Goalkeeper,15.0,1350.0,7.0,0.0,0.0,0.0,0.0,0.0,0.0,0.0,0.0,0.0,0.0,0.0,0.0,0.0,0.0,0.0,0.0,0.0,0.0,0.0,0.0,0.0
Qatar,Lucas Mendes -,Defender,15.0,1350.0,7.0,0.0,0.0,0.0,0.0,0.0,0.0,0.0,0.0,0.0,0.0,0.0,0.0,0.0,0.0,0.0,0.0,0.0,0.0,0.0,0.0,0.0
Qatar,Bassam Hisham Ali Al Rawi -,Defender,15.0,1350.0,6.9,0.0,0.0,0.0,0.0,0.0,0.0,0.0,0.0,0.0,0.0,0.0,0.0,0.0,0.0,0.0,0.0,0.0,0.0,0.0,0.0,0.0
Qatar,Tarek Salman Suleiman Odeh -,Defender,15.0,1350.0,6.8,0.0,0.0,0.0,0.0,0.0,0.0,0.0,0.0,0.0,0.0,0.0,0.0,0.0,0.0,0.0,0.0,0.0,0.0,0.0,0.0,0.0
Qatar,Sultan Hussain Mohamad Hussain Al Brake -,Defender,15.0,1350.0,6.8,0.0,0.0,0.0,0.0,0.0,0.0,0.0,0.0,0.0,0.0,0.0,0.0,0.0,0.0,0.0,0.0,0.0,0.0,0.0,0.0,0.0
Qatar,Akram Hassan Afif Yahya Afif -,Midfielder,15.0,1350.0,7.8,0.0,0.0,0.0,0.0,0.0,0.0,0.0,0.0,0.0,0.0,0.0,0.0,0.0,0.0,0.0,0.0,0.0,0.0,0.0,0.0,0.0
Qatar,Ahmed Fathi Mansi Abdoulla -,Midfielder,15.0,1350.0,6.8,0.0,0.0,0.0,0.0,0.0,0.0,0.0,0.0,0.0,0.0,0.0,0.0,0.0,0.0,0.0,0.0,0.0,0.0,0.0,0.0,0.0
Qatar,Assim Omer Al Haj Madibo -,Midfielder,15.0,1350.0,6.5,0.0,0.0,0.0,0.0,0.0,0.0,0.0,0.0,0.0,0.0,0.0,0.0,0.0,0.0,0.0,0.0,0.0,0.0,0.0,0.0,0.0
Qatar,Edmilson Junior -,Attacker,15.0,1350.0,7.6,0.0,0.0,0.0,0.0,0.0,0.0,0.0,0.0,0.0,0.0,0.0,0.0,0.0,0.0,0.0,0.0,0.0,0.0,0.0,0.0,0.0
Qatar,Almoez Ali Zainalabedeen Mohamed Abdulla -,Attacker,15.0,1350.0,7.4,0.0,0.0,0.0,0.0,0.0,0.0,0.0,0.0,0.0,0.0,0.0,0.0,0.0,0.0,0.0,0.0,0.0,0.0,0.0,0.0,0.0
Qatar,Ahmed Mohamed Hussein Kassim Al Ganehi -,Attacker,15.0,1350.0,6.7,0.0,0.0,0.0,0.0,0.0,0.0,0.0,0.0,0.0,0.0,0.0,0.0,0.0,0.0,0.0,0.0,0.0,0.0,0.0,0.0,0.0
Saudi Arabia,Nawaf Dhahi Faisal Al Suwaiti Al Aqidi -,Goalkeeper,15.0,1350.0,6.8,0.0,0.0,0.0,0.0,0.0,0.0,0.0,0.0,0.0,0.0,0.0,0.0,0.0,0.0,0.0,0.0,0.0,0.0,0.0,0.0,0.0
Saudi Arabia,Saud Abdullah Abdul Hamid -,Defender,15.0,1350.0,7.7,0.0,0.0,0.0,0.0,0.0,0.0,0.0,0.0,0.0,0.0,0.0,0.0,0.0,0.0,0.0,0.0,0.0,0.0,0.0,0.0,0.0
Saudi Arabia,Ahmed Mohammed Sharahili -,Defender,15.0,1350.0,7.3,0.0,0.0,0.0,0.0,0.0,0.0,0.0,0.0,0.0,0.0,0.0,0.0,0.0,0.0,0.0,0.0,0.0,0.0,0.0,0.0,0.0
Saudi Arabia,Sultan Abdullah Salem Al Ghannam -,Defender,15.0,1350.0,7.3,0.0,0.0,0.0,0.0,0.0,0.0,0.0,0.0,0.0,0.0,0.0,0.0,0.0,0.0,0.0,0.0,0.0,0.0,0.0,0.0,0.0
Saudi Arabia,Hassan Mohammed Tambakti -,Defender,15.0,1350.0,7.2,0.0,0.0,0.0,0.0,0.0,0.0,0.0,0.0,0.0,0.0,0.0,0.0,0.0,0.0,0.0,0.0,0.0,0.0,0.0,0.0,0.0
Saudi Arabia,Salem Al Dawsari -,Midfielder,15.0,1350.0,8.1,0.0,0.0,0.0,0.0,0.0,0.0,0.0,0.0,0.0,0.0,0.0,0.0,0.0,0.0,0.0,0.0,0.0,0.0,0.0,0.0,0.0
Saudi Arabia,Mohamed Ibrahim Abdullah Kanno -,Midfielder,15.0,1350.0,7.2,0.0,0.0,0.0,0.0,0.0,0.0,0.0,0.0,0.0,0.0,0.0,0.0,0.0,0.0,0.0,0.0,0.0,0.0,0.0,0.0,0.0
Saudi Arabia,Abdulrahman Abdullah Ghareeb -,Midfielder,15.0,1350.0,7.2,0.0,0.0,0.0,0.0,0.0,0.0,0.0,0.0,0.0,0.0,0.0,0.0,0.0,0.0,0.0,0.0,0.0,0.0,0.0,0.0,0.0
Saudi Arabia,Firas Tariq Nasser Al Buraikan -,Attacker,15.0,1350.0,7.5,0.0,0.0,0.0,0.0,0.0,0.0,0.0,0.0,0.0,0.0,0.0,0.0,0.0,0.0,0.0,0.0,0.0,0.0,0.0,0.0,0.0
Saudi Arabia,Saleh Khalid Mohammed Al Shehri -,Attacker,15.0,1350.0,6.9,0.0,0.0,0.0,0.0,0.0,0.0,0.0,0.0,0.0,0.0,0.0,0.0,0.0,0.0,0.0,0.0,0.0,0.0,0.0,0.0,0.0
Saudi Arabia,Sultan Ahmed Mohammed Mandash -,Attacker,15.0,1350.0,6.6,0.0,0.0,0.0,0.0,0.0,0.0,0.0,0.0,0.0,0.0,0.0,0.0,0.0,0.0,0.0,0.0,0.0,0.0,0.0,0.0,0.0
Scotland,Angus Fraser James Gunn -,Goalkeeper,15.0,1350.0,7.2,0.0,0.0,0.0,0.0,0.0,0.0,0.0,0.0,0.0,0.0,0.0,0.0,0.0,0.0,0.0,0.0,0.0,0.0,0.0,0.0,0.0
Scotland,Andrew Henry Robertson -,Defender,15.0,1350.0,8.2,0.0,0.0,0.0,0.0,0.0,0.0,0.0,0.0,0.0,0.0,0.0,0.0,0.0,0.0,0.0,0.0,0.0,0.0,0.0,0.0,0.0
Scotland,Kieran Tierney -,Defender,15.0,1350.0,7.8,0.0,0.0,0.0,0.0,0.0,0.0,0.0,0.0,0.0,0.0,0.0,0.0,0.0,0.0,0.0,0.0,0.0,0.0,0.0,0.0,0.0
Scotland,Scott Fraser McKenna -,Defender,15.0,1350.0,7.6,0.0,0.0,0.0,0.0,0.0,0.0,0.0,0.0,0.0,0.0,0.0,0.0,0.0,0.0,0.0,0.0,0.0,0.0,0.0,0.0,0.0
Scotland,Aaron Buchanan Hickey -,Defender,15.0,1350.0,7.5,0.0,0.0,0.0,0.0,0.0,0.0,0.0,0.0,0.0,0.0,0.0,0.0,0.0,0.0,0.0,0.0,0.0,0.0,0.0,0.0,0.0
Scotland,John McGinn -,Midfielder,15.0,1350.0,8.1,0.0,0.0,0.0,0.0,0.0,0.0,0.0,0.0,0.0,0.0,0.0,0.0,0.0,0.0,0.0,0.0,0.0,0.0,0.0,0.0,0.0
Scotland,Scott Francis McTominay -,Midfielder,15.0,1350.0,8.1,0.0,0.0,0.0,0.0,0.0,0.0,0.0,0.0,0.0,0.0,0.0,0.0,0.0,0.0,0.0,0.0,0.0,0.0,0.0,0.0,0.0
Scotland,Callum William McGregor -,Midfielder,15.0,1350.0,7.9,0.0,0.0,0.0,0.0,0.0,0.0,0.0,0.0,0.0,0.0,0.0,0.0,0.0,0.0,0.0,0.0,0.0,0.0,0.0,0.0,0.0
Scotland,Ché Zach Everton Fred Adams -,Attacker,15.0,1350.0,7.6,0.0,0.0,0.0,0.0,0.0,0.0,0.0,0.0,0.0,0.0,0.0,0.0,0.0,0.0,0.0,0.0,0.0,0.0,0.0,0.0,0.0
Scotland,Oliver Robert McBurnie -,Attacker,15.0,1350.0,7.4,0.0,0.0,0.0,0.0,0.0,0.0,0.0,0.0,0.0,0.0,0.0,0.0,0.0,0.0,0.0,0.0,0.0,0.0,0.0,0.0,0.0
Scotland,James Forrest -,Attacker,15.0,1350.0,7.3,0.0,0.0,0.0,0.0,0.0,0.0,0.0,0.0,0.0,0.0,0.0,0.0,0.0,0.0,0.0,0.0,0.0,0.0,0.0,0.0,0.0
Senegal,M. Diaw,Goalkeeper,2.0,134.0,0.0,0.0,0.0,0.0,0.0,0.0,0.0,0.0,0.0,0.0,0.0,0.0,0.0,0.0,0.0,0.0,0.0,0.0,0.0,0.0,0.0,0.0
Senegal,K. Koulibaly,Defender,2.0,136.0,0.0,0.0,0.0,0.0,0.0,0.0,0.0,0.0,0.0,0.0,0.0,0.0,0.0,0.0,0.0,0.0,0.0,0.0,0.0,0.0,0.0,0.0
Senegal,A. Seck,Defender,2.0,134.0,0.0,0.0,0.0,0.0,0.0,0.0,0.0,0.0,0.0,0.0,0.0,0.0,0.0,0.0,0.0,0.0,0.0,0.0,0.0,0.0,0.0,0.0
Senegal,M. Niakhaté,Defender,2.0,124.0,0.0,0.0,0.0,0.0,0.0,0.0,0.0,0.0,0.0,0.0,0.0,0.0,0.0,0.0,0.0,0.0,0.0,0.0,0.0,0.0,0.0,0.0
Senegal,F. Mendy,Defender,2.0,120.0,0.0,1.0,0.0,0.0,0.0,0.0,0.0,0.0,0.0,0.0,0.0,0.0,0.0,0.0,0.0,0.0,0.0,0.75,0.0,0.0,0.0,0.0
Senegal,L. Camara,Midfielder,2.0,180.0,0.0,0.0,0.0,0.0,0.0,0.0,0.0,0.0,0.0,0.0,0.0,0.0,0.0,0.0,0.0,0.0,0.0,0.0,0.0,0.0,0.0,0.0
Senegal,P. Ciss,Midfielder,2.0,120.0,0.0,0.0,0.0,0.0,0.0,0.0,0.0,0.0,0.0,0.0,0.0,0.0,0.0,0.0,0.0,0.0,0.0,0.0,0.0,0.0,0.0,0.0
Senegal,H. Diarra,Midfielder,2.0,107.0,0.0,0.0,0.0,0.0,0.0,0.0,0.0,0.0,0.0,0.0,0.0,0.0,0.0,0.0,0.0,0.0,0.0,0.0,0.0,0.0,0.0,0.0
Senegal,I. Ndiaye,Attacker,3.0,136.0,0.0,0.0,0.0,0.0,0.0,0.0,0.0,0.0,0.0,0.0,0.0,0.0,0.0,0.0,0.0,0.0,0.0,0.0,0.0,0.0,0.0,0.0
Senegal,H. Diallo,Attacker,3.0,136.0,0.0,0.0,0.0,0.0,0.0,0.0,0.0,0.0,0.0,0.0,0.0,0.0,0.0,0.0,0.0,0.0,0.0,0.0,0.0,0.0,0.0,0.0
Senegal,N. Jackson,Attacker,3.0,134.0,0.0,0.0,0.0,0.0,0.0,0.0,0.0,0.0,0.0,0.0,0.0,0.0,0.0,0.0,0.0,0.0,0.0,0.0,0.0,0.0,0.0,0.0
South Africa,Siyabonga Ngezana -,Defender,15.0,1350.0,7.2,0.0,0.0,0.0,0.0,0.0,0.0,0.0,0.0,0.0,0.0,0.0,0.0,0.0,0.0,0.0,0.0,0.0,0.0,0.0,0.0,0.0
South Africa,Samukelo Kabini -,Defender,15.0,1350.0,6.0,0.0,0.0,0.0,0.0,0.0,0.0,0.0,0.0,0.0,0.0,0.0,0.0,0.0,0.0,0.0,0.0,0.0,0.0,0.0,0.0,0.0
South Africa,Gift Links -,Midfielder,15.0,1350.0,7.2,0.0,0.0,0.0,0.0,0.0,0.0,0.0,0.0,0.0,0.0,0.0,0.0,0.0,0.0,0.0,0.0,0.0,0.0,0.0,0.0,0.0
South Africa,Luke Gareth Le Roux -,Midfielder,15.0,1350.0,6.6,0.0,0.0,0.0,0.0,0.0,0.0,0.0,0.0,0.0,0.0,0.0,0.0,0.0,0.0,0.0,0.0,0.0,0.0,0.0,0.0,0.0
South Africa,Sphephelo Sithole -,Midfielder,15.0,1350.0,6.5,0.0,0.0,0.0,0.0,0.0,0.0,0.0,0.0,0.0,0.0,0.0,0.0,0.0,0.0,0.0,0.0,0.0,0.0,0.0,0.0,0.0
South Africa,Lyle Brent Foster -,Attacker,15.0,1350.0,7.2,0.0,0.0,0.0,0.0,0.0,0.0,0.0,0.0,0.0,0.0,0.0,0.0,0.0,0.0,0.0,0.0,0.0,0.0,0.0,0.0,0.0
South Africa,Shandre Miguel Campbell -,Attacker,15.0,1350.0,6.5,0.0,0.0,0.0,0.0,0.0,0.0,0.0,0.0,0.0,0.0,0.0,0.0,0.0,0.0,0.0,0.0,0.0,0.0,0.0,0.0,0.0
South Africa,Liam Jordan -,Attacker,15.0,1350.0,5.9,0.0,0.0,0.0,0.0,0.0,0.0,0.0,0.0,0.0,0.0,0.0,0.0,0.0,0.0,0.0,0.0,0.0,0.0,0.0,0.0,0.0
South Africa,Lebogang Lelani Phiri -,Midfielder,15.0,1350.0,6.5,0.0,0.0,0.0,0.0,0.0,0.0,0.0,0.0,0.0,0.0,0.0,0.0,0.0,0.0,0.0,0.0,0.0,0.0,0.0,0.0,0.0
South Africa,Ethan Alexis Chislett -,Midfielder,15.0,1350.0,6.4,0.0,0.0,0.0,0.0,0.0,0.0,0.0,0.0,0.0,0.0,0.0,0.0,0.0,0.0,0.0,0.0,0.0,0.0,0.0,0.0,0.0
South Africa,Kgaogelo Chauke -,Midfielder,15.0,1350.0,6.0,0.0,0.0,0.0,0.0,0.0,0.0,0.0,0.0,0.0,0.0,0.0,0.0,0.0,0.0,0.0,0.0,0.0,0.0,0.0,0.0,0.0
South Korea,Jo Hyeon Woo -,Goalkeeper,15.0,1350.0,7.5,0.0,0.0,0.0,0.0,0.0,0.0,0.0,0.0,0.0,0.0,0.0,0.0,0.0,0.0,0.0,0.0,0.0,0.0,0.0,0.0,0.0
South Korea,Kim Min Jae -,Defender,15.0,1350.0,8.3,0.0,0.0,0.0,0.0,0.0,0.0,0.0,0.0,0.0,0.0,0.0,0.0,0.0,0.0,0.0,0.0,0.0,0.0,0.0,0.0,0.0
South Korea,Park Seung Wook -,Defender,15.0,1350.0,7.2,0.0,0.0,0.0,0.0,0.0,0.0,0.0,0.0,0.0,0.0,0.0,0.0,0.0,0.0,0.0,0.0,0.0,0.0,0.0,0.0,0.0
South Korea,Lee Myung Jae -,Defender,15.0,1350.0,7.1,0.0,0.0,0.0,0.0,0.0,0.0,0.0,0.0,0.0,0.0,0.0,0.0,0.0,0.0,0.0,0.0,0.0,0.0,0.0,0.0,0.0
South Korea,Park Jin Seob -,Defender,15.0,1350.0,7.0,0.0,0.0,0.0,0.0,0.0,0.0,0.0,0.0,0.0,0.0,0.0,0.0,0.0,0.0,0.0,0.0,0.0,0.0,0.0,0.0,0.0
South Korea,Lee Jae Sung -,Midfielder,15.0,1350.0,7.7,0.0,0.0,0.0,0.0,0.0,0.0,0.0,0.0,0.0,0.0,0.0,0.0,0.0,0.0,0.0,0.0,0.0,0.0,0.0,0.0,0.0
South Korea,Hwang In Beom -,Midfielder,15.0,1350.0,7.6,0.0,0.0,0.0,0.0,0.0,0.0,0.0,0.0,0.0,0.0,0.0,0.0,0.0,0.0,0.0,0.0,0.0,0.0,0.0,0.0,0.0
South Korea,Lee Dong Kyeong -,Midfielder,15.0,1350.0,7.5,0.0,0.0,0.0,0.0,0.0,0.0,0.0,0.0,0.0,0.0,0.0,0.0,0.0,0.0,0.0,0.0,0.0,0.0,0.0,0.0,0.0
South Korea,Heung-Min Son -,Attacker,15.0,1350.0,8.6,0.0,0.0,0.0,0.0,0.0,0.0,0.0,0.0,0.0,0.0,0.0,0.0,0.0,0.0,0.0,0.0,0.0,0.0,0.0,0.0,0.0
South Korea,Lee Kang In -,Attacker,15.0,1350.0,7.9,0.0,0.0,0.0,0.0,0.0,0.0,0.0,0.0,0.0,0.0,0.0,0.0,0.0,0.0,0.0,0.0,0.0,0.0,0.0,0.0,0.0
South Korea,Hwang Hee Chan -,Attacker,15.0,1350.0,7.6,0.0,0.0,0.0,0.0,0.0,0.0,0.0,0.0,0.0,0.0,0.0,0.0,0.0,0.0,0.0,0.0,0.0,0.0,0.0,0.0,0.0
Spain,Unai Simón,Goalkeeper,16.0,1500.0,6.31,0.0,0.0,0.0,0.0,394.0,0.0,0.0,0.0,0.0,0.0,0.0,0.0,3.0,34.0,11.0,1.0,0.0,0.0,0.0,0.0,60.0
Spain,D. Huijsen,Defender,4.0,349.0,7.62,0.0,1.0,3.0,0.0,341.0,5.0,77.18,2.0,1.0,4.0,3.0,6.0,10.0,0.0,0.0,0.0,0.0,0.26,1.03,50.0,62.5
Spain,Pedro Porro,Defender,12.0,838.0,6.78,0.0,1.0,6.0,0.0,557.0,21.0,47.52,5.0,3.0,22.0,11.0,1.0,38.0,0.0,0.0,0.0,0.0,0.11,2.36,60.0,55.88
Spain,Marc Cucurella,Defender,22.0,1622.0,6.53,1.0,2.0,2.0,2.0,912.0,18.0,51.68,5.0,1.0,26.0,21.0,7.0,58.0,0.0,0.0,0.0,0.06,0.11,1.44,20.0,52.73
Spain,Aitor Paredes,Defender,1.0,90.0,6.9,0.0,0.0,1.0,1.0,96.0,0.0,90.0,0.0,0.0,2.0,2.0,1.0,4.0,0.0,0.0,0.0,0.0,0.0,2.0,0.0,57.14
Spain,Isco,Midfielder,9.0,630.0,7.49,2.0,3.0,8.0,3.0,409.0,27.0,40.0,32.0,19.0,9.0,1.0,0.0,43.0,0.0,0.0,0.0,0.29,0.43,1.29,59.38,40.95
Spain,Fabián Ruiz,Midfielder,18.0,1482.0,6.75,5.0,4.0,25.0,10.0,986.0,23.0,57.09,27.0,21.0,18.0,14.0,2.0,46.0,0.0,0.0,0.0,0.3,0.24,1.09,77.78,57.5
Spain,Yeremy Pino,Midfielder,8.0,263.0,6.95,2.0,0.0,6.0,4.0,133.0,7.0,0.0,4.0,0.0,9.0,3.0,0.0,12.0,0.0,0.0,0.0,0.68,0.0,3.08,0.0,44.44
Spain,Mikel Oyarzabal,Attacker,23.0,1161.0,6.46,14.0,5.0,30.0,21.0,329.0,19.0,0.0,10.0,7.0,8.0,2.0,0.0,27.0,0.0,0.0,0.0,1.09,0.39,0.62,70.0,42.19
Spain,Lamine Yamal,Attacker,17.0,1248.0,6.46,2.0,8.0,30.0,17.0,424.0,31.0,0.0,79.0,42.0,23.0,5.0,0.0,86.0,0.0,0.0,0.0,0.14,0.58,1.66,53.16,53.75
Spain,Samu,Attacker,6.0,118.0,6.29,0.0,0.0,4.0,2.0,19.0,0.0,0.0,1.0,0.0,0.0,0.0,0.0,3.0,0.0,0.0,0.0,0.0,0.0,0.0,0.0,30.0
Switzerland,Yann Sommer -,Goalkeeper,15.0,1350.0,8.7,0.0,0.0,0.0,0.0,0.0,0.0,0.0,0.0,0.0,0.0,0.0,0.0,0.0,0.0,0.0,0.0,0.0,0.0,0.0,0.0,0.0
Switzerland,Manuel Obafemi Akanji -,Defender,15.0,1350.0,8.3,0.0,0.0,0.0,0.0,0.0,0.0,0.0,0.0,0.0,0.0,0.0,0.0,0.0,0.0,0.0,0.0,0.0,0.0,0.0,0.0,0.0
Switzerland,Fabian Lukas Schär -,Defender,15.0,1350.0,8.2,0.0,0.0,0.0,0.0,0.0,0.0,0.0,0.0,0.0,0.0,0.0,0.0,0.0,0.0,0.0,0.0,0.0,0.0,0.0,0.0,0.0
Switzerland,Nico Elvedi -,Defender,15.0,1350.0,7.7,0.0,0.0,0.0,0.0,0.0,0.0,0.0,0.0,0.0,0.0,0.0,0.0,0.0,0.0,0.0,0.0,0.0,0.0,0.0,0.0,0.0
Switzerland,Ricardo Iván Rodríguez Araya -,Defender,15.0,1350.0,7.5,0.0,0.0,0.0,0.0,0.0,0.0,0.0,0.0,0.0,0.0,0.0,0.0,0.0,0.0,0.0,0.0,0.0,0.0,0.0,0.0,0.0
Switzerland,Granit Xhaka -,Midfielder,15.0,1350.0,8.6,0.0,0.0,0.0,0.0,0.0,0.0,0.0,0.0,0.0,0.0,0.0,0.0,0.0,0.0,0.0,0.0,0.0,0.0,0.0,0.0,0.0
Switzerland,Denis Lemi Zakaria Lako Lado -,Midfielder,15.0,1350.0,8.1,0.0,0.0,0.0,0.0,0.0,0.0,0.0,0.0,0.0,0.0,0.0,0.0,0.0,0.0,0.0,0.0,0.0,0.0,0.0,0.0,0.0
Switzerland,Remo Marco Freuler -,Midfielder,15.0,1350.0,8.1,0.0,0.0,0.0,0.0,0.0,0.0,0.0,0.0,0.0,0.0,0.0,0.0,0.0,0.0,0.0,0.0,0.0,0.0,0.0,0.0,0.0
Switzerland,Noah Arinzechukwu Okafor -,Attacker,15.0,1350.0,7.7,0.0,0.0,0.0,0.0,0.0,0.0,0.0,0.0,0.0,0.0,0.0,0.0,0.0,0.0,0.0,0.0,0.0,0.0,0.0,0.0,0.0
Switzerland,Breel Donald Embolo -,Attacker,15.0,1350.0,7.7,0.0,0.0,0.0,0.0,0.0,0.0,0.0,0.0,0.0,0.0,0.0,0.0,0.0,0.0,0.0,0.0,0.0,0.0,0.0,0.0,0.0
Switzerland,Renato Steffen -,Attacker,15.0,1350.0,7.6,0.0,0.0,0.0,0.0,0.0,0.0,0.0,0.0,0.0,0.0,0.0,0.0,0.0,0.0,0.0,0.0,0.0,0.0,0.0,0.0,0.0
Tunisia,Ali Abdi -,Defender,15.0,1350.0,7.4,0.0,0.0,0.0,0.0,0.0,0.0,0.0,0.0,0.0,0.0,0.0,0.0,0.0,0.0,0.0,0.0,0.0,0.0,0.0,0.0,0.0
Tunisia,Montassar Omar Talbi -,Defender,15.0,1350.0,7.3,0.0,0.0,0.0,0.0,0.0,0.0,0.0,0.0,0.0,0.0,0.0,0.0,0.0,0.0,0.0,0.0,0.0,0.0,0.0,0.0,0.0
Tunisia,Yan Valery -,Defender,15.0,1350.0,7.1,0.0,0.0,0.0,0.0,0.0,0.0,0.0,0.0,0.0,0.0,0.0,0.0,0.0,0.0,0.0,0.0,0.0,0.0,0.0,0.0,0.0
Tunisia,Mortadha Ben Ouanes -,Defender,15.0,1350.0,6.9,0.0,0.0,0.0,0.0,0.0,0.0,0.0,0.0,0.0,0.0,0.0,0.0,0.0,0.0,0.0,0.0,0.0,0.0,0.0,0.0,0.0
Tunisia,Ellyes Joris Skhiri -,Midfielder,15.0,1350.0,8.0,0.0,0.0,0.0,0.0,0.0,0.0,0.0,0.0,0.0,0.0,0.0,0.0,0.0,0.0,0.0,0.0,0.0,0.0,0.0,0.0,0.0
Tunisia,Mohamed Ali Ben Romdhane -,Midfielder,15.0,1350.0,7.2,0.0,0.0,0.0,0.0,0.0,0.0,0.0,0.0,0.0,0.0,0.0,0.0,0.0,0.0,0.0,0.0,0.0,0.0,0.0,0.0,0.0
Tunisia,Hannibal -,Midfielder,15.0,1350.0,7.2,0.0,0.0,0.0,0.0,0.0,0.0,0.0,0.0,0.0,0.0,0.0,0.0,0.0,0.0,0.0,0.0,0.0,0.0,0.0,0.0,0.0
Tunisia,Wahbi Khazri -,Attacker,15.0,1350.0,7.2,0.0,0.0,0.0,0.0,0.0,0.0,0.0,0.0,0.0,0.0,0.0,0.0,0.0,0.0,0.0,0.0,0.0,0.0,0.0,0.0,0.0
Tunisia,Elias Saad -,Attacker,15.0,1350.0,7.2,0.0,0.0,0.0,0.0,0.0,0.0,0.0,0.0,0.0,0.0,0.0,0.0,0.0,0.0,0.0,0.0,0.0,0.0,0.0,0.0,0.0
Tunisia,Amor Yonas Layouni -,Attacker,15.0,1350.0,7.2,0.0,0.0,0.0,0.0,0.0,0.0,0.0,0.0,0.0,0.0,0.0,0.0,0.0,0.0,0.0,0.0,0.0,0.0,0.0,0.0,0.0
Tunisia,Mohamed Elias Achouri -,Midfielder,15.0,1350.0,7.2,0.0,0.0,0.0,0.0,0.0,0.0,0.0,0.0,0.0,0.0,0.0,0.0,0.0,0.0,0.0,0.0,0.0,0.0,0.0,0.0,0.0
USA,Roman Bürki -,Goalkeeper,15.0,1350.0,7.7,0.0,0.0,0.0,0.0,0.0,0.0,0.0,0.0,0.0,0.0,0.0,0.0,0.0,0.0,0.0,0.0,0.0,0.0,0.0,0.0,0.0
USA,Antonee Robinson -,Defender,15.0,1350.0,8.2,0.0,0.0,0.0,0.0,0.0,0.0,0.0,0.0,0.0,0.0,0.0,0.0,0.0,0.0,0.0,0.0,0.0,0.0,0.0,0.0,0.0
USA,Jordi Alba -,Defender,15.0,1350.0,8.0,0.0,0.0,0.0,0.0,0.0,0.0,0.0,0.0,0.0,0.0,0.0,0.0,0.0,0.0,0.0,0.0,0.0,0.0,0.0,0.0,0.0
USA,Cameron Robert Carter-Vickers -,Defender,15.0,1350.0,7.8,0.0,0.0,0.0,0.0,0.0,0.0,0.0,0.0,0.0,0.0,0.0,0.0,0.0,0.0,0.0,0.0,0.0,0.0,0.0,0.0,0.0
USA,Sergiño Gianni Dest -,Defender,15.0,1350.0,7.8,0.0,0.0,0.0,0.0,0.0,0.0,0.0,0.0,0.0,0.0,0.0,0.0,0.0,0.0,0.0,0.0,0.0,0.0,0.0,0.0,0.0
USA,Sergio Busquets -,Midfielder,15.0,1350.0,8.1,0.0,0.0,0.0,0.0,0.0,0.0,0.0,0.0,0.0,0.0,0.0,0.0,0.0,0.0,0.0,0.0,0.0,0.0,0.0,0.0,0.0
USA,Marco Reus -,Midfielder,15.0,1350.0,8.1,0.0,0.0,0.0,0.0,0.0,0.0,0.0,0.0,0.0,0.0,0.0,0.0,0.0,0.0,0.0,0.0,0.0,0.0,0.0,0.0,0.0
USA,Luciano Federico Acosta -,Midfielder,15.0,1350.0,8.0,0.0,0.0,0.0,0.0,0.0,0.0,0.0,0.0,0.0,0.0,0.0,0.0,0.0,0.0,0.0,0.0,0.0,0.0,0.0,0.0,0.0
USA,Lionel Andrés Messi Cuccitini -,Attacker,15.0,1350.0,8.7,0.0,0.0,0.0,0.0,0.0,0.0,0.0,0.0,0.0,0.0,0.0,0.0,0.0,0.0,0.0,0.0,0.0,0.0,0.0,0.0,0.0
USA,Christian Mate Pulišić -,Attacker,15.0,1350.0,8.4,0.0,0.0,0.0,0.0,0.0,0.0,0.0,0.0,0.0,0.0,0.0,0.0,0.0,0.0,0.0,0.0,0.0,0.0,0.0,0.0,0.0
USA,Luis Alberto Suárez Díaz -,Attacker,15.0,1350.0,8.1,0.0,0.0,0.0,0.0,0.0,0.0,0.0,0.0,0.0,0.0,0.0,0.0,0.0,0.0,0.0,0.0,0.0,0.0,0.0,0.0,0.0
Uruguay,R. Rodríguez,Goalkeeper,1.0,90.0,7.3,0.0,0.0,0.0,0.0,35.0,0.0,0.0,0.0,0.0,0.0,0.0,0.0,1.0,3.0,0.0,0.0,0.0,0.0,0.0,0.0,100.0
Uruguay,R. Araújo,Defender,6.0,258.0,7.45,0.0,1.0,3.0,1.0,163.0,1.0,0.0,1.0,0.0,5.0,6.0,2.0,23.0,0.0,0.0,0.0,0.0,0.35,1.74,0.0,65.71
Uruguay,M. Olivera,Defender,8.0,540.0,7.23,1.0,0.0,2.0,1.0,258.0,1.0,0.0,0.0,0.0,12.0,7.0,3.0,30.0,0.0,0.0,0.0,0.17,0.0,2.0,0.0,73.17
Uruguay,M. Brasil,Defender,1.0,90.0,7.3,0.0,0.0,0.0,0.0,28.0,0.0,0.0,0.0,0.0,0.0,1.0,1.0,2.0,0.0,0.0,0.0,0.0,0.0,0.0,0.0,100.0
Uruguay,F. Pizzichillo,Defender,2.0,164.0,7.2,0.0,0.0,0.0,0.0,29.0,0.0,0.0,1.0,1.0,5.0,1.0,0.0,8.0,0.0,0.0,0.0,0.0,0.0,2.74,100.0,80.0
Uruguay,M. Araújo,Midfielder,7.0,538.0,7.27,2.0,2.0,10.0,7.0,103.0,7.0,0.0,14.0,7.0,7.0,2.0,0.0,33.0,0.0,0.0,0.0,0.33,0.33,1.17,50.0,47.83
Uruguay,N. Nández,Midfielder,7.0,614.0,7.23,0.0,0.0,1.0,0.0,181.0,6.0,0.0,10.0,7.0,23.0,8.0,2.0,41.0,0.0,0.0,0.0,0.0,0.0,3.37,70.0,51.25
Uruguay,S. Cartagena,Midfielder,2.0,71.0,6.7,0.0,0.0,1.0,0.0,6.0,0.0,0.0,0.0,0.0,1.0,0.0,0.0,1.0,0.0,0.0,0.0,0.0,0.0,1.27,0.0,50.0
Uruguay,B. Rodríguez,Attacker,8.0,165.0,6.86,0.0,1.0,0.0,0.0,26.0,2.0,0.0,1.0,0.0,2.0,0.0,0.0,2.0,0.0,0.0,0.0,0.0,0.55,1.09,0.0,22.22
Uruguay,M. Fonseca,Attacker,2.0,103.0,6.7,0.0,0.0,1.0,0.0,10.0,0.0,0.0,0.0,0.0,0.0,0.0,0.0,0.0,0.0,0.0,0.0,0.0,0.0,0.0,0.0,0.0
Uruguay,E. Gómez,Attacker,1.0,90.0,6.7,0.0,0.0,0.0,0.0,24.0,1.0,0.0,2.0,0.0,3.0,0.0,0.0,6.0,0.0,0.0,0.0,0.0,0.0,3.0,0.0,46.15
Uzbekistan,Abdukodir Khusanov -,Defender,15.0,1350.0,7.7,0.0,0.0,0.0,0.0,0.0,0.0,0.0,0.0,0.0,0.0,0.0,0.0,0.0,0.0,0.0,0.0,0.0,0.0,0.0,0.0,0.0
Uzbekistan,Khusniddin Alikulov -,Defender,15.0,1350.0,6.8,0.0,0.0,0.0,0.0,0.0,0.0,0.0,0.0,0.0,0.0,0.0,0.0,0.0,0.0,0.0,0.0,0.0,0.0,0.0,0.0,0.0
Uzbekistan,Otabek Shukurov -,Midfielder,15.0,1350.0,6.8,0.0,0.0,0.0,0.0,0.0,0.0,0.0,0.0,0.0,0.0,0.0,0.0,0.0,0.0,0.0,0.0,0.0,0.0,0.0,0.0,0.0
Uzbekistan,Mirjalol Kasimov -,Midfielder,15.0,1350.0,6.0,0.0,0.0,0.0,0.0,0.0,0.0,0.0,0.0,0.0,0.0,0.0,0.0,0.0,0.0,0.0,0.0,0.0,0.0,0.0,0.0,0.0
Uzbekistan,Eldor Shomurodov -,Attacker,15.0,1350.0,7.3,0.0,0.0,0.0,0.0,0.0,0.0,0.0,0.0,0.0,0.0,0.0,0.0,0.0,0.0,0.0,0.0,0.0,0.0,0.0,0.0,0.0
Uzbekistan,Azizbek Turgunboev -,Attacker,15.0,1350.0,6.5,0.0,0.0,0.0,0.0,0.0,0.0,0.0,0.0,0.0,0.0,0.0,0.0,0.0,0.0,0.0,0.0,0.0,0.0,0.0,0.0,0.0
Uzbekistan,Local Player 1,Unknown,0.0,90.0,6.0,,,,,,,,,,,,,,,,,,,,,
Uzbekistan,Local Player 2,Unknown,0.0,90.0,6.0,,,,,,,,,,,,,,,,,,,,,
Uzbekistan,Local Player 3,Unknown,0.0,90.0,6.0,,,,,,,,,,,,,,,,,,,,,
Uzbekistan,Local Player 4,Unknown,0.0,90.0,6.0,,,,,,,,,,,,,,,,,,,,,
Uzbekistan,Local Player 5,Unknown,0.0,90.0,6.0,,,,,,,,,,,,,,,,,,,,,
